0.0990099,0.990099,0.1,
0.196059,0.970493,0.2,
0.290206,0.941472,0.3,
0.380548,0.903418,0.4,
0.466228,0.856795,0.5,
0.546443,0.802151,0.6,
0.620453,0.740105,0.7,
0.687588,0.671346,0.8,
0.74725,0.596621,0.9,
0.798923,0.516729,1,
0.842174,0.432512,1.1,
0.876659,0.344846,1.2,
0.902122,0.254634,1.3,
0.918401,0.162793,1.4,
0.925427,0.0702508,1.5,
0.923219,-0.0220711,1.6,
0.911893,-0.11326,1.7,
0.891651,-0.202426,1.8,
0.86278,-0.288704,1.9,
0.825654,-0.371269,2,
0.78072,-0.449341,2.1,
0.7285,-0.522191,2.2,
0.669585,-0.589149,2.3,
0.604624,-0.649612,2.4,
0.53432,-0.703044,2.5,
0.459421,-0.748986,2.6,
0.380716,-0.787058,2.7,
0.29902,-0.81696,2.8,
0.215172,-0.838477,2.9,
0.130024,-0.851479,3,
0.0444318,-0.855922,3.1,
-0.0407529,-0.851847,3.2,
-0.124691,-0.839378,3.3,
-0.206563,-0.818722,3.4,
-0.285579,-0.790164,3.5,
-0.360986,-0.754065,3.6,
-0.432072,-0.710858,3.7,
-0.498176,-0.66104,3.8,
-0.558693,-0.605171,3.9,
-0.613079,-0.543863,4,
-0.660857,-0.477778,4.1,
-0.701618,-0.407616,4.2,
-0.73503,-0.334113,4.3,
-0.760833,-0.258029,4.4,
-0.778847,-0.180145,4.5,
-0.788972,-0.101248,4.6,
-0.791185,-0.0221291,4.7,
-0.785542,0.0564251,4.8,
-0.772178,0.133643,4.9,
-0.751301,0.208773,5,
-0.723191,0.281092,5.1,
-0.6882,0.349912,5.2,
-0.646742,0.414586,5.3,
-0.59929,0.474515,5.4,
-0.546375,0.529153,5.5,
-0.488574,0.57801,5.6,
-0.426508,0.620661,5.7,
-0.360833,0.656744,5.8,
-0.292236,0.685968,5.9,
-0.221425,0.70811,6,
-0.149123,0.723023,6.1,
-0.0760603,0.730629,6.2,
-0.00296772,0.730926,6.3,
0.0694305,0.723983,6.4,
0.140425,0.70994,6.5,
0.209325,0.689008,6.6,
0.275471,0.66146,6.7,
0.338235,0.627637,6.8,
0.397028,0.587934,6.9,
0.451309,0.542803,7,
0.500583,0.492745,7.1,
0.544414,0.438303,7.2,
0.58242,0.380062,7.3,
0.614283,0.318633,7.4,
0.639749,0.254658,7.5,
0.658628,0.188795,7.6,
0.6708,0.121715,7.7,
0.676209,0.0540945,7.8,
0.67487,-0.0133925,7.9,
0.666862,-0.0800787,8,
0.652331,-0.145312,8.1,
0.631485,-0.20846,8.2,
0.604593,-0.26892,8.3,
0.571981,-0.326118,8.4,
0.534029,-0.379521,8.5,
0.491166,-0.428637,8.6,
0.443863,-0.473024,8.7,
0.392634,-0.512287,8.8,
0.338026,-0.54609,8.9,
0.28061,-0.574151,9,
0.220986,-0.596249,9.1,
0.159763,-0.612225,9.2,
0.0975648,-0.621982,9.3,
0.0350165,-0.625484,9.4,
-0.0272593,-0.622758,9.5,
-0.0886486,-0.613893,9.6,
-0.148552,-0.599038,9.7,
-0.206392,-0.578398,9.8,
-0.261616,-0.552237,9.9,
-0.313703,-0.520867,10,
-0.362168,-0.48465,10.1,
-0.406567,-0.443993,10.2,
-0.446501,-0.399343,10.3,
-0.481619,-0.351181,10.4,
-0.511621,-0.300019,10.5,
-0.53626,-0.246393,10.6,
-0.555346,-0.190858,10.7,
-0.568745,-0.133984,10.8,
-0.576379,-0.0763459,10.9,
-0.578231,-0.0185228,11,
-0.57434,0.0389113,11.1,
-0.564801,0.0953914,11.2,
-0.549764,0.150368,11.3,
-0.529433,0.203311,11.4,
-0.504062,0.253717,11.5,
-0.47395,0.301112,11.6,
-0.439445,0.345057,11.7,
-0.40093,0.38515,11.8,
-0.358826,0.421032,11.9,
-0.313587,0.452391,12,
-0.265691,0.47896,12.1,
-0.215639,0.500524,12.2,
-0.163947,0.516919,12.3,
-0.111144,0.528033,12.4,
-0.0577627,0.53381,12.5,
-0.00433837,0.534243,12.6,
0.0486,0.529383,12.7,
0.100533,0.51933,12.8,
0.150956,0.504234,12.9,
0.199386,0.484296,13,
0.245362,0.45976,13.1,
0.288453,0.430914,13.2,
0.328262,0.398088,13.3,
0.364427,0.361645,13.4,
0.396625,0.321983,13.5,
0.424578,0.279525,13.6,
0.44805,0.23472,13.7,
0.466853,0.188035,13.8,
0.480848,0.13995,13.9,
0.489944,0.0909557,14,
0.494098,0.0415459,14.1,
0.49332,-0.00778607,14.2,
0.487664,-0.0565525,14.3,
0.477237,-0.104276,14.4,
0.462187,-0.150495,14.5,
0.442711,-0.194766,14.6,
0.419044,-0.23667,14.7,
0.391462,-0.275817,14.8,
0.360278,-0.311844,14.9,
0.325835,-0.344428,15,
0.288507,-0.373278,15.1,
0.248692,-0.398148,15.2,
0.206809,-0.418829,15.3,
0.163293,-0.435158,15.4,
0.118592,-0.447017,15.5,
0.0731585,-0.454333,15.6,
0.0274507,-0.457078,15.7,
-0.0180764,-0.45527,15.8,
-0.0629737,-0.448973,15.9,
-0.106803,-0.438293,16,
-0.149141,-0.423379,16.1,
-0.189583,-0.40442,16.2,
-0.227747,-0.381646,16.3,
-0.263279,-0.355318,16.4,
-0.295852,-0.325732,16.5,
-0.325174,-0.293215,16.6,
-0.350986,-0.258117,16.7,
-0.373067,-0.22081,16.8,
-0.391235,-0.181686,16.9,
-0.40535,-0.141151,17,
-0.415312,-0.0996201,17.1,
-0.421064,-0.0575137,17.2,
-0.422589,-0.0152548,17.3,
-0.419916,0.0267368,17.4,
-0.413111,0.0680478,17.5,
-0.402283,0.108276,17.6,
-0.38758,0.147034,17.7,
-0.369184,0.183953,17.8,
-0.347316,0.218684,17.9,
-0.322225,0.250907,18,
-0.294193,0.280326,18.1,
-0.263525,0.306678,18.2,
-0.230552,0.329734,18.3,
-0.195622,0.349296,18.4,
-0.159101,0.365206,18.5,
-0.121367,0.377343,18.6,
-0.0828048,0.385623,18.7,
-0.0438044,0.390004,18.8,
-0.00475651,0.390479,18.9,
0.0339519,0.387084,19,
0.0719409,0.37989,19.1,
0.108841,0.369006,19.2,
0.144299,0.354576,19.3,
0.177977,0.336778,19.4,
0.209559,0.315822,19.5,
0.238754,0.291947,19.6,
0.265296,0.265417,19.7,
0.288948,0.236523,19.8,
0.309505,0.205572,19.9,
0.326794,0.172893,20,
0.340677,0.138825,20.1,
0.351049,0.10372,20.2,
0.357842,0.0679359,20.3,
0.361026,0.0318333,20.4,
0.360603,-0.00422701,20.5,
0.356614,-0.0398884,20.6,
0.349134,-0.0748018,20.7,
0.338271,-0.108629,20.8,
0.324167,-0.141046,20.9,
0.306992,-0.171745,21,
0.286948,-0.20044,21.1,
0.264262,-0.226866,21.2,
0.239183,-0.250784,21.3,
0.211985,-0.271983,21.4,
0.182957,-0.290278,21.5,
0.152405,-0.305519,21.6,
0.120647,-0.317583,21.7,
0.0880084,-0.326384,21.8,
0.0548217,-0.331866,21.9,
0.0214209,-0.334009,22,
-0.0118614,-0.332822,22.1,
-0.0446966,-0.328353,22.2,
-0.0767643,-0.320676,22.3,
-0.107754,-0.309901,22.4,
-0.137371,-0.296164,22.5,
-0.165334,-0.27963,22.6,
-0.191383,-0.260492,22.7,
-0.215279,-0.238964,22.8,
-0.236808,-0.215283,22.9,
-0.255778,-0.189706,23,
-0.272029,-0.162503,23.1,
-0.285425,-0.13396,23.2,
-0.295862,-0.104374,23.3,
-0.303267,-0.0740474,23.4,
-0.307596,-0.0432878,23.5,
-0.308836,-0.0124042,23.6,
-0.307006,0.0182964,23.7,
-0.302155,0.0485119,23.8,
-0.29436,0.0779479,23.9,
-0.283728,0.106321,24,
-0.270392,0.13336,24.1,
-0.254511,0.158811,24.2,
-0.236267,0.182438,24.3,
-0.215865,0.204024,24.4,
-0.193527,0.223377,24.5,
-0.169495,0.240327,24.6,
-0.144022,0.254729,24.7,
-0.117375,0.266466,24.8,
-0.0898302,0.275449,24.9,
-0.0616686,0.281616,25,
-0.0331752,0.284934,25.1,
-0.00463549,0.285397,25.2,
0.0236676,0.28303,25.3,
0.051456,0.277885,25.4,
0.0784599,0.270039,25.5,
0.10442,0.259597,25.6,
0.129088,0.246688,25.7,
0.152235,0.231465,25.8,
0.173645,0.2141,25.9,
0.193124,0.194788,26,
0.210497,0.173738,26.1,
0.225615,0.151176,26.2,
0.238349,0.127342,26.3,
0.248597,0.102482,26.4,
0.256283,0.0768535,26.5,
0.261355,0.050718,26.6,
0.263788,0.0243392,26.7,
0.263587,-0.00201946,26.8,
0.260777,-0.0280971,26.9,
0.255413,-0.0536384,27,
0.247573,-0.0783958,27.1,
0.23736,-0.102132,27.2,
0.224898,-0.124622,27.3,
0.210333,-0.145655,27.4,
0.193829,-0.165038,27.5,
0.175569,-0.182595,27.6,
0.155752,-0.19817,27.7,
0.134589,-0.211629,27.8,
0.112304,-0.222859,27.9,
0.0891263,-0.231772,28,
0.0652962,-0.238301,28.1,
0.0410555,-0.242407,28.2,
0.0166483,-0.244072,28.3,
-0.00768205,-0.243304,28.4,
-0.0316955,-0.240134,28.5,
-0.0551573,-0.234618,28.6,
-0.0778407,-0.226834,28.7,
-0.0995289,-0.216881,28.8,
-0.120017,-0.20488,28.9,
-0.139114,-0.190968,29,
-0.156644,-0.175304,29.1,
-0.17245,-0.158059,29.2,
-0.186392,-0.13942,29.3,
-0.19835,-0.119585,29.4,
-0.208227,-0.098762,29.5,
-0.215943,-0.0771677,29.6,
-0.221446,-0.0550231,29.7,
-0.224701,-0.032553,29.8,
-0.225699,-0.00998311,29.9,
-0.224453,0.0124622,30,
-0.220997,0.0345619,30.1,
-0.215387,0.0561006,30.2,
-0.2077,0.0768705,30.3,
-0.198032,0.0966738,30.4,
-0.1865,0.115324,30.5,
-0.173235,0.132647,30.6,
-0.158387,0.148486,30.7,
-0.142117,0.162698,30.8,
-0.124601,0.175158,30.9,
-0.106025,0.18576,31,
-0.0865832,0.194419,31.1,
-0.0664766,0.201066,31.2,
-0.0459109,0.205657,31.3,
-0.0250942,0.208167,31.4,
-0.00423517,0.20859,31.5,
0.0164593,0.206944,31.6,
0.0367858,0.203266,31.7,
0.056547,0.197611,31.8,
0.0755525,0.190056,31.9,
0.0936219,0.180694,32,
0.110585,0.169635,32.1,
0.126286,0.157007,32.2,
0.140581,0.142948,32.3,
0.153342,0.127614,32.4,
0.164459,0.111168,32.5,
0.173838,0.0937845,32.6,
0.181402,0.0756443,32.7,
0.187096,0.0569348,32.8,
0.19088,0.0378467,32.9,
0.192737,0.018573,33,
0.192668,-0.000693822,33.1,
0.190692,-0.019763,33.2,
0.186847,-0.0384477,33.3,
0.18119,-0.0565667,33.4,
0.173796,-0.0739463,33.5,
0.164754,-0.0904217,33.6,
0.15417,-0.105839,33.7,
0.142164,-0.120055,33.8,
0.12887,-0.132942,33.9,
0.114431,-0.144385,34,
0.0990029,-0.154285,34.1,
0.0827469,-0.16256,34.2,
0.0658326,-0.169143,34.3,
0.0484339,-0.173987,34.4,
0.0307279,-0.17706,34.5,
0.012893,-0.178349,34.6,
-0.00489295,-0.17786,34.7,
-0.0224544,-0.175614,34.8,
-0.0396196,-0.171652,34.9,
-0.0562226,-0.16603,35,
-0.0721045,-0.15882,35.1,
-0.0871153,-0.150108,35.2,
-0.101115,-0.139996,35.3,
-0.113975,-0.128599,35.4,
-0.125579,-0.116041,35.5,
-0.135825,-0.102459,35.6,
-0.144624,-0.0879962,35.7,
-0.151905,-0.0728057,35.8,
-0.15761,-0.0570447,35.9,
-0.161697,-0.040875,36,
-0.164143,-0.0244607,36.1,
-0.16494,-0.00796673,36.2,
-0.164095,0.00844282,36.3,
-0.161635,0.0246063,36.4,
-0.157598,0.0403661,36.5,
-0.152041,0.0555702,36.6,
-0.145034,0.0700736,36.7,
-0.13666,0.0837396,36.8,
-0.127016,0.0964412,36.9,
-0.11621,0.108062,37,
-0.10436,0.118498,37.1,
-0.091594,0.127658,37.2,
-0.0780477,0.135462,37.3,
-0.0638629,0.141849,37.4,
-0.0491862,0.146767,37.5,
-0.0341678,0.150184,37.6,
-0.0189598,0.15208,37.7,
-0.00371463,0.152451,37.8,
0.0114163,0.15131,37.9,
0.0262845,0.148681,38,
0.0407452,0.144607,38.1,
0.0546592,0.139141,38.2,
0.0678944,0.132351,38.3,
0.0803263,0.124319,38.4,
0.0918398,0.115135,38.5,
0.10233,0.104902,38.6,
0.111703,0.0937315,38.7,
0.119877,0.0817438,38.8,
0.126784,0.0690654,38.9,
0.132367,0.0558287,39,
0.136584,0.0421703,39.1,
0.139407,0.0282296,39.2,
0.140822,0.0141475,39.3,
0.140828,6.46525e-05,39.4,
0.13944,-0.0138794,39.5,
0.136685,-0.0275479,39.6,
0.132605,-0.0408084,39.7,
0.127251,-0.0535335,39.8,
0.120691,-0.0656026,39.9,
0.113001,-0.0769026,40,
0.104268,-0.0873294,40.1,
0.0945889,-0.0967883,40.2,
0.0840694,-0.105195,40.3,
0.0728216,-0.112477,40.4,
0.0609643,-0.118574,40.5,
0.0486207,-0.123436,40.6,
0.0359179,-0.127028,40.7,
0.0229853,-0.129326,40.8,
0.00995312,-0.130322,40.9,
-0.00304854,-0.130017,41,
-0.0158913,-0.128428,41.1,
-0.0284496,-0.125583,41.2,
-0.0406018,-0.121522,41.3,
-0.0522317,-0.116299,41.4,
-0.0632293,-0.109976,41.5,
-0.0734921,-0.102627,41.6,
-0.0829255,-0.0943345,41.7,
-0.0914445,-0.0851901,41.8,
-0.0989738,-0.0752927,41.9,
-0.105449,-0.0647479,42,
-0.110815,-0.0536663,42.1,
-0.115032,-0.0421632,42.2,
-0.118067,-0.0303565,42.3,
-0.119904,-0.0183661,42.4,
-0.120535,-0.00631258,42.5,
-0.119967,0.00568408,42.6,
-0.118216,0.0175057,42.7,
-0.115312,0.0290369,42.8,
-0.111296,0.0401665,42.9,
-0.106217,0.0507882,43,
-0.100137,0.0608019,43.1,
-0.0931253,0.0701144,43.2,
-0.0852612,0.0786405,43.3,
-0.0766309,0.0863036,43.4,
-0.0673272,0.0930363,43.5,
-0.0574491,0.0987812,43.6,
-0.0471,0.103491,43.7,
-0.036387,0.10713,43.8,
-0.0254198,0.109672,43.9,
-0.0143095,0.111103,44,
-0.00316755,0.11142,44.1,
0.00789545,0.11063,44.2,
0.0187708,0.108753,44.3,
0.0293525,0.105818,44.4,
0.0395389,0.101864,44.5,
0.049233,0.0969406,44.6,
0.0583436,0.0911062,44.7,
0.0667863,0.0844276,44.8,
0.0744843,0.0769791,44.9,
0.0813685,0.0688423,45,
0.0873789,0.0601044,45.1,
0.0924647,0.0508579,45.2,
0.0965847,0.0411995,45.3,
0.0997075,0.0312287,45.4,
0.101812,0.0210475,45.5,
0.102888,0.0107587,45.6,
0.102935,0.000465195,45.7,
0.101962,-0.00973096,45.8,
0.0999886,-0.0197298,45.9,
0.0970452,-0.0294343,46,
0.09317,-0.0387513,46.1,
0.0884108,-0.0475924,46.2,
0.0828233,-0.0558747,46.3,
0.0764711,-0.0635219,46.4,
0.0694247,-0.0704643,46.5,
0.0617606,-0.0766404,46.6,
0.053561,-0.0819965,46.7,
0.0449122,-0.0864877,46.8,
0.0359044,-0.0900782,46.9,
0.0266303,-0.0927412,47,
0.0171843,-0.0944596,47.1,
0.00766175,-0.0952258,47.2,
-0.0018424,-0.0950416,47.3,
-0.0112342,-0.0939181,47.4,
-0.0204218,-0.0918759,47.5,
-0.0293162,-0.0889443,47.6,
-0.0378324,-0.0851611,47.7,
-0.0458896,-0.0805721,47.8,
-0.0534127,-0.0752309,47.9,
-0.0603324,-0.0691976,48,
-0.0665863,-0.062539,48.1,
-0.072119,-0.0553271,48.2,
-0.0768829,-0.0476388,48.3,
-0.0808384,-0.039555,48.4,
-0.0839544,-0.0311595,48.5,
-0.0862082,-0.0225387,48.6,
-0.0875862,-0.0137801,48.7,
-0.0880834,-0.00497174,48.8,
-0.0877035,0.00379862,48.9,
-0.0864591,0.0124445,49,
-0.0843709,0.0208816,49.1,
-0.0814681,0.0290284,49.2,
-0.0777874,0.0368072,49.3,
-0.0733729,0.0441445,49.4,
-0.0682757,0.050972,49.5,
-0.062553,0.0572273,49.6,
-0.0562676,0.0628541,49.7,
-0.0494873,0.0678028,49.8,
-0.0422842,0.0720312,49.9,
-0.0347337,0.0755046,50,
-0.0269141,0.078196,50.1,
-0.0189055,0.0800866,50.2,
-0.0107889,0.0811655,50.3,
-0.00264591,0.08143,50.4,
0.00544267,0.0808858,50.5,
0.0133973,0.079546,50.6,
0.0211405,0.077432,50.7,
0.0285977,0.0745722,50.8,
0.0356979,0.0710024,50.9,
0.0423744,0.066765,51,
0.0485653,0.0619085,51.1,
0.054214,0.0564871,51.2,
0.05927,0.0505601,51.3,
0.0636891,0.0441912,51.4,
0.0674339,0.0374478,51.5,
0.0704739,0.0304004,51.6,
0.0727861,0.0231218,51.7,
0.0743547,0.0156863,51.8,
0.0751716,0.00816912,51.9,
0.0752362,0.000645504,52,
0.0745552,-0.00681002,52.1,
0.0731428,-0.0141243,52.2,
0.0710201,-0.0212263,52.3,
0.0682154,-0.0280478,52.4,
0.0647629,-0.0345241,52.5,
0.0607035,-0.0405945,52.6,
0.0560832,-0.0462028,52.7,
0.0509534,-0.0512981,52.8,
0.0453699,-0.0558351,52.9,
0.0393924,-0.0597744,53,
0.0330842,-0.0630828,53.1,
0.0265108,-0.0657339,53.2,
0.01974,-0.0677079,53.3,
0.0128408,-0.0689919,53.4,
0.00588277,-0.0695802,53.5,
-0.0010646,-0.0694738,53.6,
-0.00793265,-0.0686805,53.7,
-0.0146542,-0.0672151,53.8,
-0.021164,-0.0650987,53.9,
-0.0273999,-0.0623587,54,
-0.0333027,-0.0590284,54.1,
-0.0388174,-0.0551467,54.2,
-0.0438931,-0.0507574,54.3,
-0.048484,-0.045909,54.4,
-0.0525494,-0.040654,54.5,
-0.0560543,-0.0350486,54.6,
-0.0589695,-0.0291516,54.7,
-0.0612719,-0.0230244,54.8,
-0.0629449,-0.01673,54.9,
-0.0639781,-0.0103321,55,
-0.0643677,-0.00389538,55.1,
-0.064116,0.00251623,55.2,
-0.0632321,0.00883943,55.3,
-0.0617308,0.0150125,55.4,
-0.0596333,0.0209758,55.5,
-0.056966,0.0266724,55.6,
-0.0537612,0.0320486,55.7,
-0.0500557,0.0370541,55.8,
-0.0458914,0.0416433,55.9,
-0.0413139,0.0457747,56,
-0.0363728,0.0494119,56.1,
-0.0311204,0.052524,56.2,
-0.0256118,0.0550852,56.3,
-0.0199043,0.0570756,56.4,
-0.0140562,0.0584812,56.5,
-0.00812677,0.0592939,56.6,
-0.00217562,0.0595114,56.7,
0.00373814,0.0591376,56.8,
0.00955634,0.058182,56.9,
0.0152223,0.0566598,57,
0.0206815,0.0545916,57.1,
0.0258818,0.0520034,57.2,
0.0307744,0.048926,57.3,
0.0353139,0.0453946,57.4,
0.0394588,0.0414487,57.5,
0.0431719,0.0371315,57.6,
0.0464209,0.0324895,57.7,
0.049178,0.0275717,57.8,
0.051421,0.0224296,57.9,
0.0531326,0.0171163,58,
0.0543012,0.0116862,58.1,
0.0549206,0.00619411,58.2,
0.0549901,0.000695095,58.3,
0.0545145,-0.00475636,58.4,
0.0535038,-0.0101067,58.5,
0.0519734,-0.0153041,58.6,
0.0499436,-0.0202984,58.7,
0.0474393,-0.0250424,58.8,
0.0444902,-0.0294914,58.9,
0.0411298,-0.0336044,59,
0.0373954,-0.0373439,59.1,
0.0333277,-0.0406767,59.2,
0.0289703,-0.0435737,59.3,
0.0243693,-0.0460106,59.4,
0.0195725,-0.0479679,59.5,
0.0146294,-0.0494308,59.6,
0.00959041,-0.0503899,59.7,
0.00450636,-0.0508405,59.8,
-0.000571967,-0.0507833,59.9,
-0.00559435,-0.0502239,60,
-0.0105116,-0.0491727,60.1,
-0.0152761,-0.0476451,60.2,
-0.0198422,-0.0456609,60.3,
-0.0241666,-0.0432442,60.4,
-0.028209,-0.0404233,60.5,
-0.031932,-0.0372301,60.6,
-0.035302,-0.0336999,60.7,
-0.0382891,-0.029871,60.8,
-0.0408675,-0.0257843,60.9,
-0.0430158,-0.0214827,61,
-0.0447169,-0.017011,61.1,
-0.0459584,-0.0124152,61.2,
-0.0467326,-0.0077419,61.3,
-0.0470364,-0.00303826,61.4,
-0.0468715,0.00164889,61.5,
-0.0462442,0.00627331,61.6,
-0.0451652,0.0107898,61.7,
-0.0436497,0.0151548,61.8,
-0.0417171,0.0193265,61.9,
-0.0393905,0.0232656,62,
-0.036697,0.0269353,62.1,
-0.0336668,0.0303019,62.2,
-0.0303333,0.0333353,62.3,
-0.0267324,0.0360085,62.4,
-0.0229025,0.0382988,62.5,
-0.0188838,0.0401871,62.6,
-0.0147179,0.0416589,62.7,
-0.0104476,0.0427037,62.8,
-0.00611603,0.0433153,62.9,
-0.00176683,0.043492,63,
0.0025568,0.0432363,63.1,
0.0068123,0.0425551,63.2,
0.0109582,0.0414592,63.3,
0.0149546,0.0399638,63.4,
0.0187634,0.0380875,63.5,
0.0223486,0.0358526,63.6,
0.0256771,0.0332849,63.7,
0.0287184,0.030413,63.8,
0.0314453,0.0272685,63.9,
0.0338338,0.0238851,64,
0.0358636,0.0202988,64.1,
0.0375183,0.0165469,64.2,
0.0387852,0.0126684,64.3,
0.0396555,0.00870287,64.4,
0.0401245,0.00469042,64.5,
0.0401916,0.000671258,64.6,
0.0398602,-0.00331476,64.7,
0.0391373,-0.00722849,64.8,
0.0380341,-0.0110319,64.9,
0.0365653,-0.0146884,65,
0.0347489,-0.0181633,65.1,
0.0326065,-0.021424,65.2,
0.0301625,-0.0244402,65.3,
0.0274441,-0.0271846,65.4,
0.0244808,-0.0296327,65.5,
0.0213045,-0.0317632,65.6,
0.0179487,-0.033558,65.7,
0.0144484,-0.0350029,65.8,
0.0108397,-0.0360868,65.9,
0.00715942,-0.0368028,66,
0.0034447,-0.0371473,66.1,
-0.000267355,-0.0371205,66.2,
-0.00394001,-0.0367265,66.3,
-0.00753729,-0.0359728,66.4,
-0.0110243,-0.0348704,66.5,
-0.0143677,-0.0334336,66.6,
-0.0175357,-0.03168,66.7,
-0.0204987,-0.0296301,66.8,
-0.0232294,-0.0273072,66.9,
-0.0257031,-0.0247369,67,
-0.0278978,-0.0219471,67.1,
-0.0297946,-0.0189677,67.2,
-0.0313776,-0.0158299,67.3,
-0.0326342,-0.0125665,67.4,
-0.0335553,-0.00921095,67.5,
-0.0341351,-0.00579744,67.6,
-0.0343711,-0.00236033,67.7,
-0.0342645,0.00106612,67.8,
-0.0338197,0.00444809,67.9,
-0.0330444,0.00775253,68,
-0.0319497,0.0109475,68.1,
-0.0305494,0.0140024,68.2,
-0.0288606,0.0168885,68.3,
-0.0269027,0.0195788,68.4,
-0.0246978,0.0220485,68.5,
-0.0222703,0.0242756,68.6,
-0.0196463,0.0262402,68.7,
-0.0168537,0.0279256,68.8,
-0.0139219,0.0293178,68.9,
-0.0108813,0.0304059,69,
-0.00776312,0.0311822,69.1,
-0.00459891,0.0316421,69.2,
-0.0014205,0.0317842,69.3,
0.00174052,0.0316101,69.4,
0.004853,0.0311248,69.5,
0.00788661,0.0303361,69.6,
0.0108121,0.0292549,69.7,
0.0136016,0.0278948,69.8,
0.0162288,0.0262719,69.9,
0.0186693,0.024405,70,
0.0209008,0.0223149,70.1,
0.0229032,0.0200246,70.2,
0.0246591,0.0175587,70.3,
0.0261534,0.0149433,70.4,
0.027374,0.0122059,70.5,
0.0283115,0.00937478,70.6,
0.0289594,0.00647884,70.7,
0.0293141,0.00354743,70.8,
0.0293751,0.000609917,70.9,
0.0291446,-0.00230455,71,
0.0286279,-0.00516734,71.1,
0.0278329,-0.00795062,71.2,
0.0267701,-0.0106276,71.3,
0.0254528,-0.0131729,71.4,
0.0238965,-0.0155626,71.5,
0.0221191,-0.0177745,71.6,
0.0201402,-0.0197885,71.7,
0.0179816,-0.0215867,71.8,
0.0156662,-0.0231533,71.9,
0.0132187,-0.0244752,72,
0.0106646,-0.0255416,72.1,
0.00803011,-0.0263446,72.2,
0.00534222,-0.0268788,72.3,
0.00262806,-0.0271417,72.4,
-8.52532e-05,-0.0271331,72.5,
-0.00277086,-0.026856,72.6,
-0.00540244,-0.0263158,72.7,
-0.00795447,-0.0255204,72.8,
-0.0104025,-0.0244801,72.9,
-0.0127233,-0.0232078,73,
-0.0148951,-0.0217183,73.1,
-0.0168979,-0.0200285,73.2,
-0.0187136,-0.0181571,73.3,
-0.0203261,-0.0161245,73.4,
-0.0217213,-0.0139524,73.5,
-0.0228877,-0.0116636,73.6,
-0.0238159,-0.00928201,73.7,
-0.0244991,-0.0068321,73.8,
-0.024933,-0.0043388,73.9,
-0.0251157,-0.00182723,74,
-0.0250479,0.000677565,74.1,
-0.0247329,0.00315085,74.2,
-0.024176,0.00556845,74.3,
-0.0233853,0.00790699,74.4,
-0.0223709,0.0101441,74.5,
-0.0211451,0.0122586,74.6,
-0.019722,0.0142308,74.7,
-0.0181177,0.0160426,74.8,
-0.01635,0.0176775,74.9,
-0.0144378,0.0191213,75,
-0.0124017,0.0203615,75.1,
-0.0102629,0.0213878,75.2,
-0.00804369,0.0221922,75.3,
-0.0057668,0.0227688,75.4,
-0.00345537,0.0231144,75.5,
-0.0011326,0.0232276,75.6,
0.00117838,0.0231098,75.7,
0.00345481,0.0227643,75.8,
0.0056745,0.0221969,75.9,
0.00781602,0.0214153,76,
0.00985896,0.0204294,76.1,
0.0117841,0.019251,76.2,
0.0135734,0.0178936,76.3,
0.0152107,0.0163726,76.4,
0.0166811,0.0147044,76.5,
0.0179718,0.0129073,76.6,
0.0190719,0.0110001,76.7,
0.0199721,0.00900286,76.8,
0.0206658,0.00693628,76.9,
0.0211479,0.00482149,77,
0.0214159,0.0026799,77.1,
0.0214692,0.000532981,77.2,
0.0213094,-0.00159796,77.3,
0.0209402,-0.00369198,77.4,
0.0203673,-0.00572871,77.5,
0.0195985,-0.00768856,77.6,
0.0186432,-0.00955288,77.7,
0.0175128,-0.0113042,77.8,
0.0162202,-0.0129262,77.9,
0.0147797,-0.0144042,78,
0.0132073,-0.0157249,78.1,
0.0115196,-0.0168768,78.2,
0.00973455,-0.0178503,78.3,
0.00787081,-0.0186374,78.4,
0.0059476,-0.0192321,78.5,
0.00398454,-0.0196306,78.6,
0.00200146,-0.0198307,78.7,
1.82098e-05,-0.0198325,78.8,
-0.00194559,-0.019638,78.9,
-0.00387068,-0.0192509,79,
-0.00573839,-0.0186771,79.1,
-0.00753079,-0.017924,79.2,
-0.00923088,-0.0170009,79.3,
-0.0108227,-0.0159186,79.4,
-0.0122917,-0.0146895,79.5,
-0.0136244,-0.013327,79.6,
-0.014809,-0.0118461,79.7,
-0.0158353,-0.0102626,79.8,
-0.0166946,-0.00859315,79.9,
-0.0173801,-0.00685514,80,
-0.0178867,-0.00506646,80.1,
-0.0182113,-0.00324533,80.2,
-0.0183523,-0.00141011,80.3,
-0.0183102,0.000420915,80.4,
-0.0180872,0.00222964,80.5,
-0.0176874,0.00399838,80.6,
-0.0171164,0.00571002,80.7,
-0.0163816,0.00734817,80.8,
-0.0154918,0.00889736,80.9,
-0.0144575,0.0103431,81,
-0.0132903,0.0116721,81.1,
-0.0120031,0.0128724,81.2,
-0.0106097,0.0139334,81.3,
-0.00912513,0.0148459,81.4,
-0.00756489,0.0156024,81.5,
-0.0059452,0.0161969,81.6,
-0.00428268,0.0166252,81.7,
-0.00259421,0.0168846,81.8,
-0.000896781,0.0169743,81.9,
0.000792723,0.016895,82,
0.00245765,0.0166493,82.1,
0.00408176,0.0162411,82.2,
0.00564938,0.0156762,82.3,
0.00714554,0.0149616,82.4,
0.00855614,0.014106,82.5,
0.00986806,0.0131192,82.6,
0.0110693,0.0120123,82.7,
0.012149,0.0107974,82.8,
0.0130978,0.00948758,82.9,
0.0139075,0.00809684,83,
0.0145714,0.00663969,83.1,
0.0150846,0.00513124,83.2,
0.0154432,0.00358691,83.3,
0.0156455,0.00202237,83.4,
0.0156908,0.000453284,83.5,
0.0155803,-0.00110475,83.6,
0.0153167,-0.00263642,83.7,
0.014904,-0.00412682,83.8,
0.0143478,-0.0055616,83.9,
0.0136551,-0.00692712,84,
0.0128341,-0.00821053,84.1,
0.0118941,-0.00939994,84.2,
0.0108456,-0.0104845,84.3,
0.00970019,-0.0114545,84.4,
0.00847004,-0.0123015,84.5,
0.0071682,-0.0130183,84.6,
0.00580829,-0.0135992,84.7,
0.00440433,-0.0140396,84.8,
0.00297066,-0.0143367,84.9,
0.00152177,-0.0144888,85,
7.21675e-05,-0.0144961,85.1,
-0.0013638,-0.0143597,85.2,
-0.00277205,-0.0140825,85.3,
-0.00413891,-0.0136686,85.4,
-0.00545125,-0.0131235,85.5,
-0.00669663,-0.0124538,85.6,
-0.00786338,-0.0116675,85.7,
-0.00894072,-0.0107734,85.8,
-0.00991887,-0.0097815,85.9,
-0.0107891,-0.00870259,86,
-0.0115439,-0.00754819,86.1,
-0.012177,-0.00633049,86.2,
-0.0126832,-0.00506217,86.3,
-0.0130588,-0.00375629,86.4,
-0.0133015,-0.00242614,86.5,
-0.01341,-0.00108515,86.6,
-0.0133846,0.000253318,86.7,
-0.013227,0.00157602,86.8,
-0.01294,0.00287002,86.9,
-0.0125278,0.0041228,87,
-0.0119955,0.00532235,87.1,
-0.0113498,0.00645733,87.2,
-0.0105981,0.00751714,87.3,
-0.00974887,0.00849203,87.4,
-0.00881155,0.00937318,87.5,
-0.00779627,0.0101528,87.6,
-0.00671385,0.0108242,87.7,
-0.00557568,0.0113818,87.8,
-0.00439356,0.0118211,87.9,
-0.00317966,0.0121391,88,
-0.00194629,0.0123337,88.1,
-0.000705855,0.0124043,88.2,
0.000529281,0.0123514,88.3,
0.00174695,0.0121767,88.4,
0.00293526,0.0118831,88.5,
0.00408275,0.0114749,88.6,
0.00517845,0.010957,88.7,
0.00621204,0.0103358,88.8,
0.00717388,0.00961844,88.9,
0.00805517,0.00881292,89,
0.00884798,0.00792812,89.1,
0.00954534,0.00697359,89.2,
0.0101413,0.00595946,89.3,
0.0106309,0.00489636,89.4,
0.0110105,0.00379532,89.5,
0.0112772,0.0026676,89.6,
0.0114297,0.00152463,89.7,
0.0114675,0.000377883,89.8,
0.0113913,-0.000761251,89.9,
0.0112032,-0.00188157,90,
0.010906,-0.00297217,90.1,
0.0105037,-0.00402254,90.2,
0.0100014,-0.00502268,90.3,
0.00940513,-0.0059632,90.4,
0.00872159,-0.00683535,90.5,
0.00795847,-0.0076312,90.6,
0.00712411,-0.00834361,90.7,
0.00622747,-0.00896636,90.8,
0.00527806,-0.00949417,90.9,
0.00428578,-0.00992274,91,
0.0032609,-0.0102488,91.1,
0.00221388,-0.0104702,91.2,
0.0011553,-0.0105858,91.3,
9.57693e-05,-0.0105953,91.4,
-0.000954221,-0.0104999,91.5,
-0.00198437,-0.0103015,91.6,
-0.00298467,-0.010003,91.7,
-0.00394551,-0.00960845,91.8,
-0.00485778,-0.00912267,91.9,
-0.00571292,-0.00855138,92,
-0.00650303,-0.00790108,92.1,
-0.00722093,-0.00717899,92.2,
-0.00786022,-0.00639296,92.3,
-0.00841537,-0.00555143,92.4,
-0.00888169,-0.00466326,92.5,
-0.00925546,-0.00373771,92.6,
-0.00953389,-0.00278432,92.7,
-0.00971517,-0.00181281,92.8,
-0.00979847,-0.000832958,92.9,
-0.00978393,0.000145434,93,
-0.00967266,0.0011127,93.1,
-0.00946672,0.00205937,93.2,
-0.00916909,0.00297628,93.3,
-0.00878363,0.00385464,93.4,
-0.00831501,0.00468615,93.5,
-0.00776871,0.00546302,93.6,
-0.0071509,0.00617811,93.7,
-0.00646841,0.00682495,93.8,
-0.00572862,0.00739781,93.9,
-0.00493945,0.00789175,94,
-0.00410918,0.00830267,94.1,
-0.00324645,0.00862732,94.2,
-0.00236012,0.00886333,94.3,
-0.00145919,0.00900925,94.4,
-0.00055274,0.00906452,94.5,
0.00035021,0.0090295,94.6,
0.00124075,0.00890543,94.7,
0.00211019,0.00869441,94.8,
0.00295013,0.00839939,94.9,
0.00375255,0.00802414,95,
0.00450986,0.00757315,95.1,
0.00521503,0.00705165,95.2,
0.00586158,0.00646549,95.3,
0.00644369,0.00582112,95.4,
0.00695624,0.0051255,95.5,
0.00739484,0.00438602,95.6,
0.00775588,0.00361043,95.7,
0.00803656,0.00280677,95.8,
0.00823489,0.00198328,95.9,
0.00834972,0.00114831,96,
0.00838074,0.000310237,96.1,
0.00832848,-0.000522612,96.2,
0.00819428,-0.00134204,96.3,
0.00798027,-0.00214007,96.4,
0.00768937,-0.002909,96.5,
0.00732522,-0.00364153,96.6,
0.00689214,-0.00433074,96.7,
0.00639512,-0.00497025,96.8,
0.0058397,-0.00555422,96.9,
0.00523196,-0.00607742,97,
0.00457843,-0.00653526,97.1,
0.00388604,-0.00692386,97.2,
0.00316204,-0.00724007,97.3,
0.00241389,-0.00748146,97.4,
0.00164925,-0.00764638,97.5,
0.000875855,-0.00773397,97.6,
0.000101444,-0.00774411,97.7,
-0.000666304,-0.00767748,97.8,
-0.00141985,-0.0075355,97.9,
-0.00215188,-0.00732031,98,
-0.00285536,-0.00703477,98.1,
-0.0035236,-0.00668241,98.2,
-0.00415034,-0.00626738,98.3,
-0.00472978,-0.0057944,98.4,
-0.00525665,-0.00526873,98.5,
-0.00572626,-0.00469611,98.6,
-0.00613453,-0.00408265,98.7,
-0.00647802,-0.00343485,98.8,
-0.00675396,-0.00275946,98.9,
-0.0069603,-0.00206343,99,
-0.00709569,-0.00135386,99.1,
-0.00715948,-0.00063791,99.2,
-0.00715175,7.72658e-05,99.3,
-0.00707329,0.000784595,99.4,
-0.00692558,0.00147715,99.5,
-0.00671076,0.00214823,99.6,
-0.00643162,0.00279139,99.7,
-0.00609156,0.00340055,99.8,
-0.00569456,0.00397,99.9,
-0.00524511,0.00449451,100,
