1,1,1,0,
1.01257,1.25992,0.984891,0.01,
1.07014,1.6349,0.969355,0.0240998,
1.17884,2.06163,0.961837,0.0391,
1.34969,2.57627,0.967552,0.0553131,
1.59799,3.21903,0.996252,0.0727893,
1.94579,4.04399,1.06511,0.0915501,
2.42331,5.12081,1.20422,0.11154,
3.07057,6.53627,1.46594,0.132634,
3.94087,8.39707,1.94185,0.154703,
5.10552,10.8289,2.79355,0.177679,
6.27086,13.1918,3.88951,0.196149,
7.74885,16.0657,5.63377,0.21557,
9.50371,19.2494,8.23514,0.234991,
11.5219,22.4992,11.9836,0.254412,
13.7292,25.3395,17.1217,0.273833,
15.7184,26.9274,22.8891,0.291123,
17.1724,27.1242,28.0528,0.304763,
18.4367,26.0054,33.6717,0.319043,
19.1982,23.8228,38.3088,0.331404,
19.5527,20.5745,42.3226,0.343764,
19.4359,16.4971,45.364,0.356125,
18.9667,12.7577,46.985,0.366358,
18.1739,8.94782,47.7574,0.376591,
17.0938,5.29614,47.739,0.386824,
15.7791,1.98442,47.0551,0.397057,
14.2921,-0.870458,45.8694,0.407289,
12.697,-3.21799,44.3527,0.417522,
10.9532,-5.16043,42.5536,0.42838,
8.72742,-6.91682,40.1795,0.442345,
6.00411,-8.21827,37.2896,0.460513,
3.80833,-8.73601,35.0309,0.476898,
1.77216,-8.87737,33.0113,0.494459,
0.0622138,-8.79121,31.3667,0.512019,
-1.34921,-8.60978,30.0318,0.529579,
-2.74214,-8.36804,28.7137,0.551304,
-3.82028,-8.17797,27.6745,0.573029,
-4.65905,-8.07268,26.8467,0.594753,
-5.32293,-8.06098,26.1872,0.616478,
-5.8641,-8.13908,25.6707,0.638203,
-6.32309,-8.29667,25.2835,0.659928,
-6.75697,-8.53733,25.0055,0.683158,
-7.17806,-8.85013,24.8615,0.70764,
-7.60354,-9.21897,24.8746,0.733573,
-8.0418,-9.61422,25.071,0.761062,
-8.48815,-9.98736,25.4692,0.790046,
-8.91962,-10.2709,26.0605,0.820161,
-9.29182,-10.3943,26.7791,0.850275,
-9.5728,-10.3194,27.5473,0.880389,
-9.73264,-10.0362,28.2722,0.910503,
-9.7472,-9.53208,28.8939,0.9427,
-9.59706,-8.89076,29.2701,0.974898,
-9.30342,-8.2081,29.3558,1.0071,
-8.90847,-7.57894,29.1562,1.03929,
-8.46603,-7.07603,28.7171,1.07149,
-8.0307,-6.74097,28.1073,1.10369,
-7.64918,-6.58691,27.4011,1.13589,
-7.33034,-6.61949,26.5897,1.17159,
-7.1336,-6.89096,25.7239,1.21258,
-7.14196,-7.41925,24.979,1.25708,
-7.3409,-8.04945,24.5723,1.29707,
-7.69886,-8.76467,24.4835,1.33706,
-8.12256,-9.4081,24.7102,1.37281,
-8.602,-9.97289,25.2319,1.40856,
-9.08205,-10.3653,26.0128,1.44431,
-9.45415,-10.4964,26.8502,1.47596,
-9.72617,-10.3806,27.7252,1.50761,
-9.85687,-10.0152,28.5212,1.53926,
-9.8179,-9.42175,29.1416,1.57198,
-9.63573,-8.78662,29.4471,1.60097,
-9.33518,-8.13076,29.4952,1.62995,
-8.9509,-7.52859,29.2965,1.65894,
-8.52539,-7.03671,28.8892,1.68792,
-8.10167,-6.6885,28.3277,1.71691,
-7.68386,-6.48581,27.605,1.74867,
-7.32757,-6.4713,26.7757,1.78311,
-7.08182,-6.68613,25.8775,1.82212,
-7.02771,-7.17722,25.0305,1.86623,
-7.20904,-7.87224,24.4747,1.91034,
-7.52547,-8.55861,24.3057,1.94738,
-7.96292,-9.27307,24.4561,1.98442,
-8.47906,-9.92898,24.945,2.02146,
-9.01396,-10.4177,25.747,2.05849,
-9.41626,-10.6147,26.5854,2.08911,
-9.74179,-10.5645,27.5273,2.12091,
-9.92518,-10.2381,28.4182,2.15271,
-9.93362,-9.66987,29.1299,2.18451,
-9.75998,-8.94364,29.5608,2.21631,
-9.47809,-8.27127,29.6674,2.24392,
-9.10537,-7.63649,29.5276,2.27154,
-8.68053,-7.09735,29.1729,2.29915,
-8.22314,-6.67462,28.6224,2.32813,
-7.77393,-6.40692,27.9119,2.35872,
-7.37231,-6.3221,27.0767,2.39172,
-7.06545,-6.45461,26.156,2.42844,
-6.92196,-6.87496,25.1951,2.47191,
-7.02244,-7.5251,24.4895,2.51539,
-7.3046,-8.24609,24.1613,2.55416,
-7.74149,-9.03529,24.1823,2.59294,
-8.29057,-9.80135,24.5924,2.63172,
-8.79261,-10.3368,25.2357,2.66431,
-9.27819,-10.683,26.1082,2.69689,
-9.68741,-10.7623,27.1205,2.72948,
-9.95969,-10.5305,28.1401,2.76207,
-10.047,-10.0005,29.0144,2.79466,
-9.95039,-9.33763,29.5605,2.82375,
-9.69709,-8.586,29.821,2.85284,
-9.31704,-7.84185,29.7806,2.88193,
-8.85558,-7.18832,29.4663,2.91102,
-8.36424,-6.68184,28.9342,2.94011,
-7.89183,-6.34949,28.2521,2.9692,
-7.44566,-6.18935,27.4182,3.00087,
-7.07911,-6.23801,26.482,3.03561,
-6.84873,-6.54791,25.4782,3.07577,
-6.85096,-7.15771,24.5809,3.12056,
-7.07169,-7.87466,24.0805,3.16002,
-7.47509,-8.70133,23.9313,3.19947,
-8.02379,-9.55413,24.193,3.23893,
-8.54701,-10.1937,24.7389,3.27162,
-9.10252,-10.6926,25.5985,3.30559,
-9.60268,-10.9195,26.6768,3.33956,
-9.9291,-10.8375,27.6662,3.36857,
-10.1169,-10.4857,28.5994,3.39758,
-10.1327,-9.86312,29.3892,3.42796,
-9.95508,-9.06701,29.8821,3.45834,
-9.65722,-8.32106,30.0261,3.48489,
-9.25777,-7.61053,29.9038,3.51144,
-8.79677,-6.99853,29.5475,3.53799,
-8.29514,-6.5076,28.9793,3.56576,
-7.79308,-6.1763,28.2343,3.59505,
-7.33074,-6.03222,27.3475,3.62657,
-6.95536,-6.10581,26.3581,3.66132,
-6.72727,-6.45527,25.2984,3.70185,
-6.75051,-7.11997,24.362,3.74706,
-6.99405,-7.87115,23.8616,3.78585,
-7.42149,-8.73313,23.7201,3.82463,
-7.99625,-9.62384,23.9991,3.86342,
-8.55371,-10.3076,24.5827,3.89614,
-9.12472,-10.8275,25.4642,3.92886,
-9.64444,-11.0803,26.57,3.96158,
-10.002,-11.016,27.6268,3.99045,
-10.2155,-10.6611,28.6343,4.01931,
-10.2511,-10.0453,29.4651,4.04817,
-10.0863,-9.20931,30.0313,4.07831,
-9.79474,-8.42995,30.2221,4.10411,
-9.3939,-7.67674,30.1385,4.1299,
-8.92286,-7.01611,29.81,4.1557,
-8.40068,-6.47114,29.2567,4.18272,
-7.86913,-6.08505,28.5141,4.21115,
-7.36793,-5.88552,27.6166,4.24165,
-6.94379,-5.9007,26.6033,4.27505,
-6.65269,-6.17528,25.5098,4.3132,
-6.59062,-6.7877,24.4369,4.35802,
-6.78049,-7.53697,23.7833,4.39751,
-7.17964,-8.43128,23.4918,4.437,
-7.75513,-9.39594,23.6396,4.47649,
-8.33482,-10.1726,24.1402,4.50959,
-8.97371,-10.8329,25.0167,4.54382,
-9.51505,-11.1934,26.0484,4.57413,
-9.96976,-11.2563,27.2223,4.60444,
-10.275,-10.9739,28.3981,4.63475,
-10.38,-10.3593,29.4128,4.66506,
-10.26,-9.49499,30.1205,4.69537,
-9.99888,-8.68891,30.4072,4.72034,
-9.61626,-7.88587,30.4119,4.74531,
-9.14825,-7.15799,30.156,4.77028,
-8.61282,-6.53273,29.6576,4.79639,
-8.05275,-6.06047,28.9519,4.82371,
-7.50615,-5.76982,28.072,4.85284,
-7.01823,-5.68746,27.0562,4.88449,
-6.64114,-5.84565,25.9435,4.91981,
-6.44615,-6.33361,24.7411,4.96275,
-6.54094,-7.08753,23.823,5.00569,
-6.9069,-8.05159,23.3046,5.04864,
-7.40752,-8.98234,23.2624,5.08524,
-8.04525,-9.92949,23.6503,5.12185,
-8.68898,-10.6917,24.3867,5.15471,
-9.33838,-11.2474,25.4627,5.18758,
-9.84544,-11.4635,26.5977,5.21606,
-10.2405,-11.365,27.8081,5.24453,
-10.4695,-10.9304,28.9521,5.27301,
-10.494,-10.1982,29.8815,5.30149,
-10.3025,-9.26524,30.4778,5.32996,
-9.97645,-8.39478,30.6767,5.35466,
-9.53365,-7.55826,30.5806,5.37936,
-9.01545,-6.82549,30.2234,5.40406,
-8.43994,-6.21734,29.6271,5.42996,
-7.8495,-5.77742,28.8276,5.45728,
-7.28532,-5.53315,27.8602,5.48661,
-6.79595,-5.51029,26.7647,5.51868,
-6.43663,-5.74514,25.5769,5.55491,
-6.29486,-6.35295,24.304,5.59992,
-6.41979,-7.04921,23.5359,5.63594,
-6.77385,-7.96584,23.0453,5.6746,
-7.33102,-9.00484,22.9851,5.71325,
-8.05056,-10.0706,23.4321,5.75191,
-8.70113,-10.8417,24.1859,5.78297,
-9.39494,-11.4426,25.3382,5.81576,
-9.92573,-11.6772,26.5253,5.84345,
-10.3451,-11.5893,27.7963,5.87113,
-10.5977,-11.1529,29.0081,5.89882,
-10.6426,-10.4025,30.0089,5.9265,
-10.4651,-9.43325,30.6737,5.95419,
-10.1411,-8.51242,30.9248,5.97835,
-9.69044,-7.61742,30.866,6.00251,
-9.15455,-6.82356,30.5299,6.02667,
-8.55557,-6.15769,29.9439,6.05182,
-7.93289,-5.66077,29.1427,6.07832,
-7.32736,-5.36064,28.1612,6.10673,
-6.78766,-5.28192,27.0397,6.13767,
-6.36799,-5.45357,25.8163,6.17224,
-6.1388,-5.96959,24.4769,6.21462,
-6.19254,-6.6472,23.5438,6.25151,
-6.46912,-7.5057,22.9072,6.2884,
-6.95019,-8.50948,22.6462,6.3253,
-7.64601,-9.65153,22.8644,6.36409,
-8.34712,-10.5903,23.4959,6.39688,
-9.09528,-11.3749,24.546,6.42967,
-9.73142,-11.8158,25.7716,6.45857,
-10.2755,-11.9146,27.175,6.48746,
-10.6549,-11.605,28.5977,6.51635,
-10.8073,-10.8919,29.8481,6.54524,
-10.7278,-10.0117,30.6559,6.57036,
-10.4525,-8.99549,31.1191,6.59549,
-10.0083,-7.96028,31.2109,6.62061,
-9.4411,-7.01168,30.9556,6.64573,
-8.80683,-6.22471,30.4135,6.67086,
-8.1614,-5.63786,29.6613,6.69598,
-7.508,-5.23697,28.7019,6.72308,
-6.90112,-5.05425,27.5821,6.75241,
-6.39374,-5.11191,26.3435,6.78474,
-6.04405,-5.45519,25.0047,6.8221,
-5.95003,-5.98908,23.9331,6.85656,
-6.09695,-6.80622,22.9927,6.89542,
-6.49471,-7.82246,22.4245,6.93429,
-7.11961,-8.99178,22.3281,6.97316,
-7.93326,-10.219,22.803,7.01202,
-8.6615,-11.1128,23.6214,7.04258,
-9.45921,-11.8479,24.9168,7.07521,
-10.0577,-12.1595,26.2206,7.10164,
-10.5695,-12.1175,27.7118,7.12936,
-10.8938,-11.6526,29.1606,7.15708,
-10.976,-10.7952,30.3756,7.18479,
-10.8355,-9.83561,31.104,7.20846,
-10.5094,-8.77484,31.4823,7.23213,
-10.0275,-7.72321,31.4997,7.2558,
-9.4355,-6.77489,31.189,7.27947,
-8.78586,-5.99361,30.6122,7.30314,
-8.09554,-5.38422,29.7969,7.32807,
-7.4057,-4.97684,28.7788,7.35476,
-6.76567,-4.79482,27.5985,7.38373,
-6.23045,-4.85781,26.299,7.41565,
-5.85683,-5.20919,24.8913,7.45264,
-5.74806,-5.71305,23.8201,7.48471,
-5.86657,-6.51792,22.8018,7.5227,
-6.23693,-7.52738,22.1357,7.56068,
-6.83948,-8.70941,21.9185,7.59867,
-7.6446,-9.99054,22.2554,7.63665,
-8.45114,-11.0519,23.0476,7.66906,
-9.30534,-11.9289,24.3187,7.70147,
-9.98703,-12.3825,25.6917,7.7284,
-10.5906,-12.4671,27.3045,7.75634,
-11.0088,-12.0836,28.9308,7.78427,
-11.1716,-11.2386,30.3518,7.81221,
-11.0841,-10.2624,31.2277,7.83536,
-10.7958,-9.14534,31.7456,7.85852,
-10.3317,-8.00547,31.8798,7.88167,
-9.73534,-6.94991,31.6541,7.90483,
-9.06041,-6.05601,31.1279,7.92798,
-8.36158,-5.36488,30.3772,7.95114,
-7.62351,-4.84957,29.3839,7.97657,
-6.91572,-4.55924,28.2087,8.00404,
-6.29237,-4.51043,26.8958,8.03407,
-5.80852,-4.72412,25.4759,8.06779,
-5.54204,-5.25071,24.0015,8.10671,
-5.55496,-5.91593,22.9259,8.14062,
-5.78245,-6.75749,22.1044,8.17452,
-6.21199,-7.76467,21.6023,8.20842,
-6.88021,-8.99837,21.5062,8.24471,
-7.82604,-10.4422,22.0428,8.28442,
-8.6392,-11.469,22.9456,8.31412,
-9.5649,-12.366,24.4351,8.34668,
-10.2365,-12.7582,25.8797,8.37171,
-10.8412,-12.7722,27.5936,8.39856,
-11.2473,-12.2983,29.292,8.42541,
-11.3871,-11.3547,30.7523,8.45226,
-11.2753,-10.3029,31.6358,8.47445,
-10.9608,-9.1182,32.148,8.49664,
-10.4699,-7.92013,32.2685,8.51882,
-9.84627,-6.81493,32.0255,8.54101,
-9.14328,-5.87819,31.4809,8.56319,
-8.38283,-5.12195,30.6737,8.58636,
-7.60017,-4.5724,29.6371,8.61112,
-6.84383,-4.25358,28.4114,8.63792,
-6.17141,-4.18039,27.0447,8.66719,
-5.63753,-4.36651,25.569,8.6999,
-5.29568,-4.92261,23.8637,8.74173,
-5.27543,-5.50805,22.8159,8.77186,
-5.46331,-6.33605,21.8728,8.80566,
-5.86178,-7.34158,21.2358,8.83946,
-6.46005,-8.51321,20.9821,8.87327,
-7.34557,-9.9655,21.2644,8.91102,
-8.26943,-11.2463,22.0907,8.94386,
-9.18932,-12.2838,23.3668,8.97395,
-10.1005,-13.001,25.1076,9.00404,
-10.7405,-13.2067,26.7145,9.02769,
-11.2718,-12.9827,28.5031,9.05284,
-11.5786,-12.2718,30.1797,9.07798,
-11.6076,-11.132,31.5355,9.10312,
-11.4052,-9.95852,32.2993,9.12406,
-11.0094,-8.70103,32.6771,9.145,
-10.452,-7.47369,32.6698,9.16594,
-9.77898,-6.37042,32.3196,9.18687,
-9.04209,-5.45249,31.6944,9.20781,
-8.22495,-4.69409,30.7885,9.23063,
-7.39208,-4.15761,29.656,9.25513,
-6.59517,-3.8631,28.3395,9.28174,
-5.89493,-3.81968,26.8909,9.31081,
-5.34248,-4.03697,25.3301,9.3435,
-5.03491,-4.47981,23.88,9.37671,
-4.96535,-5.06638,22.685,9.40789,
-5.10405,-5.84708,21.6496,9.4405,
-5.44676,-6.80114,20.8851,9.47312,
-5.9854,-7.93032,20.4583,9.50574,
-6.79471,-9.35288,20.4803,9.54161,
-7.91351,-11.0258,21.2433,9.58085,
-8.83489,-12.1769,22.358,9.60926,
-9.90007,-13.191,24.1809,9.64106,
-10.6278,-13.5938,25.826,9.66415,
-11.3009,-13.5765,27.8102,9.68954,
-11.7545,-13.0007,29.7704,9.71493,
-11.9129,-11.8863,31.4547,9.74032,
-11.7975,-10.693,32.4519,9.76069,
-11.4518,-9.30328,33.0657,9.7818,
-10.9036,-7.89694,33.23,9.80291,
-10.2009,-6.59854,32.9794,9.82402,
-9.40318,-5.49567,32.3877,9.84513,
-8.57056,-4.63217,31.5454,9.86624,
-7.68122,-3.96726,30.4376,9.88936,
-6.80419,-3.54739,29.1246,9.91442,
-6.00049,-3.38252,27.6589,9.94171,
-5.32819,-3.46981,26.0851,9.97173,
-4.8199,-3.84706,24.3251,10.0078,
-4.63448,-4.31878,23.0512,10.0368,
-4.64345,-5.00547,21.8093,10.0692,
-4.86476,-5.86224,20.8014,10.1016,
-5.28844,-6.90151,20.0816,10.1341,
-5.91046,-8.13135,19.7234,10.1665,
-6.83798,-9.71373,19.8714,10.2028,
-8.08756,-11.5456,20.8605,10.2421,
-9.04849,-12.7217,22.1185,10.2689,
-10.1835,-13.7657,24.1711,10.2999,
-10.9347,-14.1424,25.9508,10.3218,
-11.6311,-14.0652,28.095,10.3462,
-12.0932,-13.3907,30.1936,10.3706,
-12.2433,-12.1473,31.9815,10.3951,
-12.1123,-10.8556,33.0208,10.4144,
-11.7432,-9.358,33.6623,10.4345,
-11.1651,-7.84855,33.8354,10.4547,
-10.4264,-6.45551,33.5787,10.4748,
-9.58671,-5.26856,32.9702,10.4949,
-8.707,-4.33215,32.1038,10.5151,
-7.75574,-3.59607,30.9581,10.5373,
-6.80687,-3.11355,29.598,10.5613,
-5.92374,-2.89299,28.0794,10.5875,
-5.16883,-2.92407,26.4564,10.6161,
-4.56857,-3.21609,24.6696,10.6496,
-4.28874,-3.61274,23.3124,10.6773,
-4.1872,-4.20897,21.9265,10.709,
-4.29635,-4.95775,20.7401,10.7406,
-4.60243,-5.8749,19.7911,10.7722,
-5.10083,-6.98243,19.1343,10.8038,
-5.84393,-8.38484,18.8436,10.8374,
-6.92723,-10.1881,19.1655,10.8747,
-8.26109,-12.1166,20.3666,10.912,
-9.3114,-13.3833,21.8443,10.9384,
-10.3995,-14.3736,23.8934,10.9652,
-11.2716,-14.7996,26.0182,10.9883,
-11.9957,-14.6801,28.3206,11.0113,
-12.4796,-13.9341,30.5683,11.0344,
-12.6448,-12.591,32.4903,11.0574,
-12.5155,-11.1782,33.6361,11.076,
-12.136,-9.5472,34.3534,11.0952,
-11.5338,-7.89866,34.5724,11.1144,
-10.7578,-6.37034,34.3335,11.1336,
-9.86878,-5.05945,33.7195,11.1529,
-8.92969,-4.015,32.8305,11.1721,
-7.91057,-3.18405,31.655,11.1931,
-6.87848,-2.61548,30.2531,11.216,
-5.89863,-2.31815,28.6834,11.2409,
-5.04146,-2.27648,27.0139,11.2679,
-4.33391,-2.47201,25.2163,11.2986,
-3.9438,-2.77616,23.8055,11.3244,
-3.70345,-3.25004,22.3077,11.3544,
-3.6642,-3.84411,20.9697,11.3843,
-3.80608,-4.56836,19.8106,11.4142,
-4.11889,-5.4461,18.8594,11.4442,
-4.602,-6.50632,18.1603,11.4741,
-5.35564,-7.94474,17.7579,11.5077,
-6.50033,-9.90602,17.959,11.5459,
-7.68992,-11.7369,18.8448,11.5778,
-9.12714,-13.6392,20.6606,11.6111,
-10.2332,-14.7932,22.6089,11.6354,
-11.2676,-15.5024,24.9456,11.6587,
-12.1728,-15.6124,27.5885,11.682,
-12.7554,-15.1194,29.8881,11.7019,
-13.0912,-14.0622,32.0118,11.7218,
-13.1284,-12.5132,33.7452,11.7417,
-12.8886,-10.8306,34.8316,11.7595,
-12.4007,-9.0324,35.4056,11.7774,
-11.6997,-7.27394,35.4728,11.7953,
-10.8383,-5.68289,35.094,11.8132,
-9.87779,-4.34169,34.3637,11.831,
-8.82402,-3.23542,33.3264,11.8499,
-7.71001,-2.38908,32.0233,11.8702,
-6.58511,-1.82146,30.5005,11.8924,
-5.52476,-1.53502,28.8301,11.9166,
-4.60198,-1.49887,27.0872,11.9426,
-3.84437,-1.67219,25.2669,11.9715,
-3.40739,-1.92719,23.8495,11.9955,
-3.10381,-2.29339,22.3859,12.0222,
-2.96638,-2.73414,21.0426,12.0489,
-2.97383,-3.25308,19.8242,12.0756,
-3.1122,-3.86552,18.7397,12.1023,
-3.37543,-4.59452,17.8042,12.129,
-3.80429,-5.55032,16.9864,12.158,
-4.48878,-6.89638,16.3674,12.191,
-5.67151,-9.0202,16.2387,12.2323,
-6.72972,-10.7811,16.7373,12.2609,
-8.18254,-12.9803,18.1219,12.2936,
-9.60849,-14.8233,20.1901,12.322,
-10.8795,-16.0866,22.6568,12.3462,
-11.9538,-16.7186,25.3102,12.3676,
-12.9091,-16.6683,28.3496,12.3897,
-13.4904,-15.9672,30.8841,12.4082,
-13.8078,-14.5983,33.2588,12.4273,
-13.7801,-12.684,35.1304,12.4464,
-13.477,-10.8101,36.1793,12.4625,
-12.9328,-8.85246,36.7056,12.4785,
-12.1824,-6.9596,36.7275,12.4946,
-11.2754,-5.25069,36.3121,12.5106,
-10.2328,-3.75665,35.5232,12.5272,
-9.08562,-2.51832,34.4175,12.5447,
-7.86476,-1.55924,33.041,12.5636,
-6.6153,-0.895435,31.4409,12.5843,
-5.41563,-0.528629,29.6945,12.6069,
-4.35792,-0.421344,27.9072,12.6309,
-3.46042,-0.50956,26.0735,12.657,
-2.92596,-0.667177,24.7185,12.6776,
-2.48301,-0.897618,23.2851,12.7007,
-2.18328,-1.16306,21.9441,12.7239,
-2.00329,-1.45524,20.6911,12.747,
-1.92384,-1.77554,19.5228,12.7702,
-1.93072,-2.13186,18.4378,12.7934,
-2.0148,-2.53668,17.4367,12.8165,
-2.18432,-3.03867,16.4669,12.8412,
-2.46344,-3.69522,15.5321,12.868,
-2.91582,-4.63472,14.6378,12.8988,
-3.67907,-6.10949,13.8836,12.9358,
-4.73855,-8.06296,13.6271,12.9728,
-5.85441,-10.0349,13.9582,13.0027,
-7.33678,-12.4999,15.089,13.0344,
-8.78909,-14.6889,16.8501,13.0606,
-10.4859,-16.8419,19.7072,13.0881,
-11.859,-18.1085,22.7253,13.1097,
-13.0012,-18.6376,25.8641,13.1288,
-14.0114,-18.3597,29.4171,13.1488,
-14.6192,-17.3412,32.3824,13.1658,
-14.9148,-15.6152,35.0123,13.1828,
-14.8456,-13.3165,37.0545,13.1998,
-14.4858,-11.0764,38.2005,13.2143,
-13.8648,-8.76337,38.7549,13.2289,
-13.02,-6.54313,38.7479,13.2434,
-12.0035,-4.54597,38.2623,13.2579,
-10.8749,-2.85286,37.409,13.2724,
-9.60218,-1.40512,36.2122,13.288,
-8.24041,-0.26811,34.7464,13.3048,
-6.82611,0.548885,33.063,13.3232,
-5.43098,1.04607,31.2393,13.3433,
-4.03347,1.27005,29.1974,13.367,
-2.91159,1.26345,27.3067,13.3907,
-1.9917,1.13611,25.4532,13.416,
-1.43601,1.00561,24.0935,13.4361,
-0.982351,0.869927,22.7433,13.4573,
-0.639813,0.752919,21.4772,13.4785,
-0.408677,0.671062,20.4203,13.4973,
-0.229226,0.611415,19.4182,13.5161,
-0.0887854,0.573905,18.467,13.5349,
0.023053,0.557664,17.5638,13.5537,
0.114744,0.561655,16.7057,13.5725,
0.193129,0.585069,15.8905,13.5913,
0.267717,0.630607,15.0727,13.6112,
0.342672,0.701864,14.2604,13.6321,
0.423568,0.804501,13.4546,13.6541,
0.516914,0.946837,12.6584,13.6772,
0.63063,1.14074,11.8775,13.7016,
0.774386,1.40231,11.1215,13.727,
0.953072,1.73944,10.4263,13.7524,
1.19156,2.19876,9.76291,13.7791,
1.4981,2.79627,9.17729,13.8059,
1.894,3.57309,8.68458,13.8326,
2.40655,4.58154,8.31245,13.8594,
3.07036,5.88573,8.10927,13.8861,
3.92821,7.55891,8.15695,13.9128,
5.14494,9.88983,8.65551,13.942,
6.39589,12.2093,9.59072,13.9658,
8.00268,15.0263,11.3477,13.9908,
9.66103,17.6689,13.7945,14.0128,
11.5049,20.1601,17.3053,14.0349,
13.2056,21.8436,21.3892,14.0544,
14.623,22.5334,25.597,14.0714,
15.7676,22.2455,29.823,14.0872,
16.6246,20.8911,34.0199,14.1029,
17.0774,18.4603,37.7689,14.1187,
17.0846,15.7861,40.2262,14.1317,
16.7387,12.714,41.9394,14.1446,
16.0496,9.49328,42.8382,14.1576,
15.0564,6.37067,42.9546,14.1705,
13.8212,3.54602,42.4046,14.1835,
12.4183,1.1464,41.3522,14.1965,
10.9235,-0.777117,39.9709,14.2094,
9.4059,-2.23557,38.4148,14.2224,
7.66367,-3.42914,36.5164,14.2377,
5.4597,-4.35119,34.0023,14.2587,
3.67562,-4.70616,31.8769,14.2783,
2.17399,-4.78321,29.9908,14.2979,
0.939821,-4.72758,28.3245,14.3175,
-0.212999,-4.61957,26.6046,14.3405,
-0.906826,-4.56101,25.4512,14.3578,
-1.52228,-4.54856,24.3264,14.3763,
-2.03735,-4.60348,23.3026,14.3948,
-2.48121,-4.73448,22.3714,14.4133,
-2.90011,-4.96032,21.485,14.4328,
-3.30742,-5.29278,20.67,14.453,
-3.7286,-5.74943,19.9369,14.4741,
-4.19049,-6.35214,19.3079,14.4963,
-4.72375,-7.12884,18.8205,14.5197,
-5.36542,-8.11415,18.5367,14.5447,
-6.1632,-9.34868,18.5601,14.5716,
-7.18396,-10.8726,19.0751,14.6013,
-8.49682,-12.6502,20.4034,14.6347,
-9.67597,-13.9766,22.1946,14.6624,
-10.7249,-14.8241,24.3135,14.6872,
-11.6718,-15.1315,26.8035,14.712,
-12.2893,-14.853,28.957,14.7323,
-12.7042,-14.0005,31.1011,14.7535,
-12.8228,-12.6197,32.9106,14.7747,
-12.6571,-11.0851,34.0674,14.7933,
-12.2432,-9.39779,34.7378,14.812,
-11.6109,-7.71178,34.9095,14.8306,
-10.8097,-6.16039,34.6292,14.8492,
-9.89985,-4.83541,33.9828,14.8678,
-8.90796,-3.74806,33.0333,14.8871,
-7.85516,-2.90675,31.8147,14.9079,
-6.78846,-2.3332,30.3701,14.9305,
-5.77703,-2.03504,28.763,14.9551,
-4.89281,-1.99165,27.0647,14.9817,
-4.16374,-2.17566,25.2577,15.0116,
-3.75958,-2.45251,23.8694,15.0362,
-3.48673,-2.88308,22.3703,15.065,
-3.40348,-3.41677,21.0153,15.0938,
-3.48879,-4.06086,19.8169,15.1226,
-3.73062,-4.83607,18.7953,15.1515,
-4.12621,-5.77068,17.9817,15.1803,
-4.74855,-7.02415,17.3829,15.2121,
-5.72856,-8.79664,17.2086,15.2488,
-6.84297,-10.639,17.6818,15.2813,
-8.25597,-12.73,19.0258,15.3153,
-9.53451,-14.3302,20.8788,15.3428,
-10.7411,-15.4781,23.2141,15.3679,
-11.7284,-16.008,25.6572,15.3896,
-12.5938,-15.9078,28.4293,15.4122,
-13.1235,-15.1945,30.8009,15.4316,
-13.3799,-13.9049,32.9161,15.4511,
-13.3178,-12.1452,34.5617,15.4705,
-12.9942,-10.3724,35.496,15.4875,
-12.4372,-8.53641,35.9226,15.5045,
-11.6853,-6.78031,35.8653,15.5215,
-10.7907,-5.21533,35.3944,15.5384,
-9.77731,-3.86883,34.5734,15.556,
-8.67231,-2.76991,33.4508,15.5746,
-7.51042,-1.94224,32.0689,15.5948,
-6.34502,-1.40169,30.4779,15.6169,
-5.25841,-1.14418,28.7597,15.6409,
-4.31978,-1.12837,26.9865,15.6666,
-3.55259,-1.30613,25.1521,15.6949,
-3.10362,-1.55224,23.7174,15.7186,
-2.79648,-1.87564,22.3081,15.7436,
-2.63525,-2.25351,21.0033,15.7687,
-2.59971,-2.68788,19.8036,15.7937,
-2.67573,-3.19021,18.7124,15.8187,
-2.85563,-3.77854,17.7373,15.8437,
-3.16696,-4.54104,16.8256,15.8709,
-3.66434,-5.58432,16.0217,15.9012,
-4.50955,-7.19612,15.4357,15.938,
-5.50941,-8.98303,15.4144,15.9706,
-6.70015,-10.9837,16,16.0013,
-8.13794,-13.1945,17.3924,16.032,
-9.78119,-15.3533,19.814,16.0627,
-11.0313,-16.6138,22.2828,16.085,
-12.168,-17.3095,25.11,16.106,
-13.0882,-17.3253,28.0055,16.1255,
-13.7826,-16.6038,30.933,16.1449,
-14.1568,-15.1222,33.5927,16.1644,
-14.1672,-13.307,35.4516,16.1813,
-13.8653,-11.1675,36.7323,16.1982,
-13.2653,-8.90752,37.3675,16.2151,
-12.4113,-6.72818,37.3792,16.232,
-11.3686,-4.78803,36.8607,16.2489,
-10.2122,-3.18153,35.9431,16.2658,
-9.01493,-1.93933,34.7622,16.2827,
-7.73221,-0.975686,33.3073,16.3012,
-6.42346,-0.317865,31.6401,16.3215,
-5.17406,0.0379326,29.8487,16.3435,
-4.08339,0.139663,28.0528,16.3666,
-3.14784,0.0609385,26.2168,16.3919,
-2.58803,-0.0755319,24.8804,16.4115,
-2.13151,-0.25741,23.5394,16.4324,
-1.79739,-0.457537,22.2775,16.4533,
-1.56497,-0.666464,21.0889,16.4742,
-1.41643,-0.881953,19.969,16.4951,
-1.33736,-1.10654,18.9142,16.516,
-1.3169,-1.34592,17.9219,16.5369,
-1.35081,-1.62434,16.9371,16.559,
-1.44154,-1.9538,15.9828,16.5821,
-1.60041,-2.37055,15.0383,16.6069,
-1.85524,-2.93695,14.0923,16.6345,
-2.25633,-3.75367,13.1704,16.6658,
-2.80628,-4.82563,12.4371,16.6972,
-3.54185,-6.22527,11.9641,16.7287,
-4.51302,-8.03411,11.866,16.7602,
-5.84192,-10.4302,12.3732,16.7931,
-7.09133,-12.5733,13.368,16.8179,
-8.71136,-15.1329,15.3083,16.845,
-10.5539,-17.6153,18.3908,16.8722,
-12.0327,-19.116,21.6097,16.893,
-13.3323,-19.8609,25.1333,16.9119,
-14.3787,-19.7764,28.6842,16.9293,
-15.1724,-18.7967,32.2543,16.9467,
-15.6066,-16.8965,35.4871,16.9641,
-15.6323,-14.6672,37.6985,16.9789,
-15.3197,-12.0604,39.246,16.9936,
-14.6792,-9.30615,40.0548,17.0084,
-13.7521,-6.63436,40.1488,17.0231,
-12.6026,-4.23002,39.6327,17.0379,
-11.307,-2.20822,38.6564,17.0527,
-9.94152,-0.611797,37.3778,17.0674,
-8.50282,0.625768,35.8568,17.083,
-7.00743,1.52594,34.1378,17.0998,
-5.34769,2.14226,32.0772,17.1205,
-3.75597,2.4093,29.91,17.1438,
-2.47,2.42295,27.9388,17.1671,
-1.4623,2.32707,26.1511,17.1904,
-0.68736,2.21072,24.5213,17.2137,
-0.214617,2.13971,23.3506,17.2318,
0.192501,2.09944,22.1849,17.251,
0.52542,2.10427,21.0917,17.2702,
0.805485,2.1593,20.0656,17.2894,
1.051,2.26772,19.1024,17.3086,
1.27759,2.43233,18.2001,17.3278,
1.50725,2.66635,17.3264,17.3477,
1.7556,2.98579,16.4815,17.3686,
2.03931,3.41134,15.6755,17.3905,
2.37866,3.97129,14.9251,17.4135,
2.79885,4.70365,14.2571,17.4376,
3.33214,5.65875,13.7148,17.4629,
4.0223,6.90447,13.3679,17.4895,
4.93761,8.54205,13.3382,17.5179,
6.22536,10.7765,13.8944,17.5495,
7.56219,12.9633,15.0571,17.5764,
9.17708,15.3443,17.1665,17.6042,
10.9568,17.4809,20.3944,17.632,
12.266,18.5492,23.4716,17.6523,
13.3671,18.8947,26.6928,17.6708,
14.3044,18.407,30.2264,17.6901,
14.8598,17.1567,33.2444,17.7072,
15.0705,15.1832,35.8352,17.7244,
14.9322,12.9844,37.559,17.7395,
14.4854,10.546,38.6446,17.7546,
13.7546,8.07483,39.0673,17.7697,
12.7889,5.75761,38.8827,17.7848,
11.6533,3.73041,38.2028,17.7999,
10.4183,2.06611,37.1644,17.815,
9.08921,0.726794,35.835,17.8309,
7.68331,-0.293305,34.2603,17.848,
6.24625,-0.989058,32.4965,17.8669,
4.79843,-1.38429,30.5428,17.8884,
3.5013,-1.5033,28.5749,17.9116,
2.46889,-1.44876,26.7615,17.9348,
1.71244,-1.32839,25.1873,17.9566,
1.11128,-1.18839,23.6734,17.9793,
0.708177,-1.07827,22.4344,17.9991,
0.395294,-0.991869,21.2681,18.0189,
0.151582,-0.934471,20.1677,18.0388,
-0.0408332,-0.908009,19.1282,18.0586,
-0.196784,-0.912794,18.1451,18.0784,
-0.328436,-0.948675,17.2154,18.0982,
-0.445758,-1.01579,16.3361,18.1181,
-0.557014,-1.11505,15.5051,18.1379,
-0.675962,-1.25736,14.6761,18.1589,
-0.81013,-1.45239,13.86,18.1809,
-0.969861,-1.71495,13.0623,18.2041,
-1.1677,-2.0651,12.293,18.2283,
-1.41885,-2.52896,11.5678,18.2534,
-1.73149,-3.12008,10.9255,18.2786,
-2.14517,-3.9119,10.357,18.3049,
-2.67237,-4.92612,9.92437,18.3313,
-3.34488,-6.2184,9.67657,18.3576,
-4.2613,-7.96387,9.70651,18.3856,
-5.55168,-10.3669,10.2624,18.4161,
-6.82065,-12.6371,11.2762,18.44,
-8.45334,-15.3657,13.1843,18.4656,
-10.347,-18.1456,16.2298,18.4912,
-12.0672,-20.1456,19.8345,18.5128,
-13.6139,-21.2794,23.9072,18.5322,
-14.8184,-21.4243,27.8573,18.549,
-15.7832,-20.5785,31.9319,18.5657,
-16.3839,-18.6605,35.7355,18.5825,
-16.5301,-16.2615,38.4399,18.5967,
-16.3009,-13.3541,40.4192,18.611,
-15.7737,-10.5247,41.4785,18.6238,
-14.968,-7.70236,41.8511,18.6366,
-13.9297,-5.06715,41.606,18.6494,
-12.7179,-2.74906,40.8615,18.6622,
-11.3964,-0.818658,39.7566,18.675,
-9.9436,0.787483,38.3408,18.6886,
-8.41563,2.0281,36.7125,18.703,
-6.66414,2.9977,34.7265,18.7204,
-4.75881,3.60292,32.439,18.7415,
-3.1434,3.81033,30.365,18.7626,
-1.81893,3.80772,28.5118,18.7837,
-0.708116,3.71745,26.7735,18.8059,
0.0941171,3.63353,25.3464,18.8261,
0.657216,3.59308,24.2173,18.8435,
1.12728,3.59877,23.1709,18.861,
1.541,3.66318,22.1653,18.8791,
1.90242,3.79319,21.2348,18.8972,
2.25231,4.00844,20.3229,18.9165,
2.59873,4.31983,19.4634,18.9365,
2.96335,4.74566,18.6642,18.9574,
3.36988,5.30968,17.9429,18.9793,
3.84628,6.04356,17.3291,19.0025,
4.4274,6.98927,16.872,19.027,
5.15973,8.20249,16.6542,19.0532,
6.11347,9.76055,16.8249,19.0817,
7.42879,11.7964,17.7111,19.1145,
8.96302,13.9046,19.548,19.1473,
10.2003,15.2924,21.6432,19.1718,
11.3721,16.2097,24.2078,19.1952,
12.3224,16.48,26.856,19.2162,
13.0795,16.0692,29.6307,19.2371,
13.543,14.913,32.2456,19.2581,
13.6427,13.3212,34.1794,19.2767,
13.4199,11.3488,35.5627,19.2952,
12.9613,9.45986,36.2457,19.3116,
12.2861,7.58743,36.4218,19.328,
11.44,5.86026,36.1423,19.3444,
10.4782,4.36754,35.4935,19.3607,
9.38577,3.08014,34.5033,19.3782,
8.21208,2.05985,33.2295,19.397,
6.99665,1.32578,31.7156,19.4175,
5.80613,0.88677,30.025,19.4399,
4.73232,0.720948,28.2571,19.4639,
3.81398,0.77174,26.4367,19.49,
3.17694,0.948587,24.8505,19.5143,
2.71023,1.20948,23.3137,19.5394,
2.41164,1.52124,21.8847,19.5646,
2.25372,1.87474,20.5599,19.5898,
2.21472,2.27389,19.3375,19.6149,
2.27968,2.73135,18.2186,19.6401,
2.44051,3.26596,17.2077,19.6653,
2.71028,3.93456,16.2747,19.6916,
3.14446,4.85843,15.4031,19.7213,
3.89271,6.31329,14.6577,19.7577,
4.84544,8.06395,14.4064,19.7916,
5.95756,10.0117,14.7117,19.8223,
7.42526,12.4151,15.8271,19.8547,
8.8834,14.5599,17.6164,19.882,
10.56,16.598,20.4965,19.9104,
11.8398,17.6886,23.3685,19.9318,
12.9074,18.0903,26.3644,19.951,
13.8275,17.7184,29.6915,19.971,
14.3777,16.6269,32.5327,19.9887,
14.6031,14.8525,34.9972,20.0065,
14.4568,12.5511,36.8416,20.0242,
14.0489,10.421,37.7889,20.0389,
13.4018,8.25992,38.1856,20.0535,
12.5546,6.21417,38.0711,20.0682,
11.5585,4.39432,37.5279,20.0829,
10.4074,2.78916,36.604,20.0984,
9.14806,1.46962,35.3685,20.1148,
7.81038,0.454273,33.8729,20.1325,
6.43828,-0.246953,32.1686,20.152,
5.11925,-0.637998,30.3482,20.1732,
3.90597,-0.770702,28.4499,20.1964,
2.90658,-0.717064,26.6166,20.2206,
2.24372,-0.593436,25.1613,20.2412,
1.69556,-0.427968,23.6929,20.2634,
1.33986,-0.280542,22.5073,20.2825,
1.07118,-0.138401,21.3858,20.3015,
0.873089,-0.00543965,20.3233,20.3206,
0.73164,0.117923,19.3157,20.3397,
0.635458,0.233406,18.3595,20.3588,
0.575562,0.343979,17.4518,20.3779,
0.544286,0.458713,16.5489,20.3979,
0.54014,0.58287,15.6526,20.4189,
0.562575,0.722607,14.7716,20.4408,
0.613395,0.890139,13.8944,20.4641,
0.69945,1.10551,13.0054,20.4893,
0.832917,1.39692,12.107,20.517,
1.03481,1.80967,11.2094,20.5473,
1.34333,2.42281,10.3305,20.5809,
1.67756,3.08094,9.71926,20.6079,
2.13346,3.97606,9.1962,20.6362,
2.73164,5.14748,8.82985,20.6644,
3.51482,6.6724,8.69005,20.6927,
4.53518,8.63354,8.89603,20.721,
5.74435,10.9004,9.56504,20.7472,
7.25021,13.5985,10.9345,20.7734,
8.78088,16.1438,12.8879,20.7957,
10.5205,18.6999,15.7953,20.818,
12.4733,20.948,20.0158,20.8413,
13.9538,21.9739,24.0451,20.8591,
15.1692,22.0664,28.1277,20.8753,
16.1414,21.1449,32.3219,20.8914,
16.7471,19.1322,36.2287,20.9076,
16.8963,16.6069,39.0368,20.9215,
16.6599,13.555,41.0869,20.9354,
16.1224,10.6123,42.1737,20.9479,
15.3025,7.679,42.5569,20.9603,
14.2455,4.93872,42.3077,20.9727,
13.0102,2.5246,41.5473,20.9852,
11.6605,0.509391,40.4185,20.9976,
10.1835,-1.16275,38.9833,21.0107,
8.63772,-2.45475,37.3489,21.0244,
6.78116,-3.51429,35.2726,21.0417,
4.80274,-4.16326,32.9521,21.0622,
3.11423,-4.39445,30.8628,21.0827,
1.71968,-4.40255,29.0113,21.1032,
0.553978,-4.31662,27.3105,21.1245,
-0.338038,-4.22883,25.8535,21.1449,
-0.978124,-4.187,24.6848,21.163,
-1.50972,-4.19946,23.6143,21.1811,
-1.96082,-4.27743,22.6318,21.1992,
-2.37409,-4.43634,21.6904,21.2182,
-2.75078,-4.6786,20.8367,21.2372,
-3.1389,-5.03562,20.0178,21.2576,
-3.5485,-5.51873,19.2786,21.2788,
-4.00704,-6.15316,18.6409,21.3012,
-4.54581,-6.97081,18.1444,21.3249,
-5.20389,-8.01253,17.8546,21.3501,
-6.034,-9.32936,17.8837,21.3773,
-7.11734,-10.9837,18.4403,21.4076,
-8.47368,-12.8655,19.821,21.4403,
-9.72881,-14.3216,21.7307,21.4681,
-10.8532,-15.268,24.0079,21.4928,
-11.7753,-15.6267,26.4039,21.5149,
-12.5239,-15.366,28.9571,21.5371,
-13.001,-14.4105,31.4028,21.5592,
-13.1258,-12.8135,33.4438,21.5813,
-12.9533,-11.2549,34.584,21.5984,
-12.5237,-9.46873,35.2862,21.6164,
-11.869,-7.68598,35.4717,21.6344,
-11.0391,-6.04445,35.1901,21.6523,
-10.0948,-4.63897,34.5309,21.6703,
-9.06224,-3.48055,33.5611,21.6889,
-7.96107,-2.57607,32.3164,21.7089,
-6.8361,-1.94651,30.8403,21.7307,
-5.75704,-1.5997,29.1973,21.7545,
-4.80293,-1.51267,27.4698,21.7801,
-4.00222,-1.6452,25.6519,21.8086,
-3.50762,-1.88961,24.1577,21.8335,
-3.16344,-2.25153,22.6361,21.8609,
-2.99873,-2.69381,21.2408,21.8883,
-2.98958,-3.2179,19.9766,21.9157,
-3.11997,-3.83888,18.8525,21.9432,
-3.38258,-4.58089,17.8844,21.9706,
-3.80141,-5.52206,17.0652,21.9993,
-4.47103,-6.84512,16.4371,22.0321,
-5.61324,-8.90364,16.2757,22.0726,
-6.68735,-10.6968,16.7537,22.102,
-8.13526,-12.8955,18.1078,22.135,
-9.56178,-14.7483,20.1535,22.1635,
-10.8296,-16.0205,22.5921,22.1877,
-11.9091,-16.6709,25.2366,22.2093,
-12.8707,-16.6412,28.2717,22.2316,
-13.4557,-15.9619,30.7952,22.25,
-13.7809,-14.6151,33.1726,22.2692,
-13.7625,-12.7199,35.0541,22.2884,
-13.467,-10.8549,36.1165,22.3045,
-12.9293,-8.90139,36.6564,22.3206,
-12.1839,-7.00899,36.6901,22.3367,
-11.2805,-5.29813,36.2839,22.3528,
-10.2761,-3.84589,35.5325,22.3689,
-9.13595,-2.59778,34.4433,22.3864,
-7.92126,-1.62794,33.0817,22.4053,
-6.67559,-0.95221,31.4937,22.4259,
-5.47545,-0.573581,29.7543,22.4485,
-4.41367,-0.457062,27.9688,22.4724,
-3.51056,-0.539532,26.1342,22.4986,
-2.96669,-0.697246,24.7632,22.5194,
-2.51755,-0.930556,23.3146,22.5428,
-2.21512,-1.20093,21.9605,22.5662,
-2.03536,-1.49975,20.6962,22.5896,
-1.95865,-1.82851,19.5188,22.613,
-1.97051,-2.19553,18.4269,22.6364,
-2.06181,-2.6139,17.4215,22.6598,
-2.24073,-3.132,16.4543,22.6846,
-2.53393,-3.81329,15.5239,22.7117,
-3.01088,-4.79636,14.639,22.743,
-3.82508,-6.3602,13.9157,22.7809,
-4.95933,-8.43661,13.7463,22.8189,
-6.05692,-10.3579,14.1571,22.8471,
-7.55032,-12.8092,15.3902,22.8784,
-9.05757,-15.0294,17.3233,22.9051,
-10.7152,-17.0474,20.2452,22.9319,
-12.0807,-18.2042,23.3711,22.9537,
-13.166,-18.5852,26.4823,22.9723,
-14.1049,-18.1624,29.9443,22.9919,
-14.665,-16.9946,32.8964,23.0092,
-14.8907,-15.1185,35.4494,23.0266,
-14.7698,-12.9753,37.1867,23.0421,
-14.3379,-10.5817,38.2896,23.0575,
-13.619,-8.14635,38.7286,23.073,
-12.6626,-5.85936,38.5567,23.0885,
-11.5352,-3.85953,37.8857,23.104,
-10.3087,-2.22137,36.853,23.1195,
-8.99833,-0.915141,35.536,23.1356,
-7.6129,0.0769243,33.9714,23.1532,
-6.20012,0.74818,32.2152,23.1724,
-4.84049,1.11183,30.3497,23.1934,
-3.57717,1.22252,28.3924,23.217,
-2.57627,1.16015,26.5833,23.2405,
-1.86612,1.03464,25.0529,23.262,
-1.3006,0.885001,23.5705,23.2843,
-0.91951,0.7592,22.3395,23.3041,
-0.628041,0.650833,21.1789,23.3239,
-0.406467,0.564364,20.0825,23.3438,
-0.238148,0.500849,19.0453,23.3636,
-0.109431,0.459547,18.0632,23.3834,
-0.00933397,0.438991,17.1327,23.4032,
0.0708748,0.437651,16.251,23.4231,
0.138109,0.454341,15.4152,23.4429,
0.197877,0.488449,14.6231,23.4627,
0.258865,0.544633,13.8182,23.484,
0.324399,0.626883,13.0202,23.5064,
0.400158,0.742305,12.2304,23.53,
0.492929,0.901053,11.4544,23.5549,
0.611028,1.11703,10.7014,23.5809,
0.758942,1.39764,10.0064,23.6069,
0.957286,1.7818,9.34022,23.6342,
1.21429,2.28576,8.74287,23.6614,
1.54903,2.94704,8.22432,23.6887,
1.98637,3.81457,7.8041,23.716,
2.55853,4.95054,7.51785,23.7433,
3.3066,6.43061,7.4283,23.7706,
4.28119,8.33896,7.6426,23.7978,
5.45934,10.5977,8.28057,23.8235,
6.93817,13.3244,9.57387,23.8493,
8.41882,15.8868,11.3751,23.8706,
10.1976,18.6585,14.2045,23.8929,
12.1546,21.1572,18.2189,23.9152,
13.8863,22.6374,22.7092,23.9345,
15.2362,23.0037,27.0467,23.9507,
16.3917,22.241,31.7703,23.9675,
17.0587,20.5932,35.5698,23.9816,
17.3618,18.0691,38.8755,23.9956,
17.2451,14.8592,41.3944,24.0097,
16.8059,11.8319,42.7689,24.0216,
16.0709,8.7425,43.4162,24.0335,
15.0778,5.78929,43.385,24.0454,
13.8805,3.12758,42.7837,24.0573,
12.5404,0.854218,41.7524,24.0692,
11.0699,-1.04902,40.3867,24.0815,
9.52087,-2.55294,38.7994,24.0943,
7.71373,-3.79942,36.8382,24.1095,
5.41946,-4.75619,34.2464,24.1306,
3.59766,-5.11274,32.1135,24.1499,
2.06075,-5.18829,30.2328,24.1692,
0.793937,-5.12974,28.5819,24.1885,
-0.383618,-5.01861,26.9044,24.2109,
-1.12734,-4.95486,25.7342,24.2285,
-1.78242,-4.94129,24.6066,24.2473,
-2.32898,-5.00065,23.5894,24.2662,
-2.79904,-5.14198,22.673,24.285,
-3.23945,-5.38271,21.8164,24.3048,
-3.66829,-5.73514,21.0401,24.3252,
-4.11235,-6.21639,20.357,24.3466,
-4.59976,-6.84735,19.793,24.3691,
-5.16229,-7.65365,19.3916,24.3929,
-5.83763,-8.66491,19.2233,24.4184,
-6.67269,-9.90978,19.4054,24.4459,
-7.72591,-11.3954,20.1385,24.4764,
-9.03121,-13.0032,21.7266,24.5103,
-10.0483,-13.9791,23.4879,24.5359,
-10.9484,-14.5179,25.5087,24.5597,
-11.7175,-14.5396,27.7576,24.5835,
-12.2609,-13.9407,30.0108,24.6073,
-12.493,-12.7243,31.9923,24.6311,
-12.4165,-11.3845,33.2119,24.6503,
-12.0851,-9.79743,34.0137,24.6701,
-11.5209,-8.16406,34.3112,24.69,
-10.7717,-6.6309,34.1353,24.7098,
-9.89934,-5.30527,33.5651,24.7297,
-8.96956,-4.24446,32.702,24.7495,
-7.98003,-3.41649,31.5692,24.7707,
-6.97471,-2.84431,30.2068,24.7938,
-6.01744,-2.54005,28.6712,24.8189,
-5.17769,-2.49246,27.0286,24.8461,
-4.48874,-2.68603,25.2645,24.8769,
-4.09439,-3.01518,23.8006,24.9043,
-3.87513,-3.52304,22.2984,24.9353,
-3.85923,-4.0871,21.11,24.9628,
-3.99681,-4.76499,20.0766,24.9903,
-4.29282,-5.60402,19.1964,25.0188,
-4.77993,-6.67843,18.5135,25.0491,
-5.5294,-8.10438,18.1498,25.0827,
-6.64708,-10.0019,18.3903,25.1204,
-7.86502,-11.842,19.3528,25.1535,
-9.25676,-13.6239,21.1875,25.1866,
-10.3222,-14.6741,23.128,25.2109,
-11.2883,-15.2641,25.3778,25.2339,
-12.1187,-15.2807,27.8783,25.2569,
-12.6609,-14.7106,30.1276,25.2775,
-12.9417,-13.5803,32.1618,25.2981,
-12.9128,-11.9815,33.7666,25.3187,
-12.6266,-10.357,34.6861,25.3365,
-12.114,-8.6571,35.1249,25.3543,
-11.4114,-7.01974,35.0992,25.3721,
-10.5697,-5.55412,34.6713,25.3899,
-9.64567,-4.3279,33.9295,25.4077,
-8.60712,-3.29164,32.8703,25.4271,
-7.51913,-2.51449,31.5542,25.4481,
-6.43412,-2.01331,30.0285,25.471,
-5.42859,-1.78707,28.3669,25.4959,
-4.56566,-1.80416,26.6286,25.5229,
-3.87369,-2.03451,24.8001,25.5531,
-3.49214,-2.34784,23.3559,25.5788,
-3.27019,-2.7688,21.9461,25.606,
-3.21211,-3.27578,20.6653,25.6332,
-3.30024,-3.87814,19.5229,25.6605,
-3.52476,-4.59544,18.5344,25.6877,
-3.9007,-5.49072,17.6962,25.716,
-4.49705,-6.70407,17.0423,25.7475,
-5.45431,-8.4593,16.7689,25.7843,
-6.54037,-10.2927,17.1238,25.8165,
-7.95508,-12.4572,18.3313,25.8506,
-9.33628,-14.2735,20.2102,25.8797,
-10.5711,-15.5486,22.4883,25.9045,
-11.6463,-16.247,25.0276,25.9268,
-12.5827,-16.3013,27.8713,25.949,
-13.1878,-15.7134,30.3561,25.9682,
-13.5294,-14.5169,32.6358,25.9874,
-13.5533,-12.7957,34.4812,26.0066,
-13.2934,-10.9854,35.6057,26.0235,
-12.7814,-9.06323,36.1994,26.0404,
-12.052,-7.18764,36.2717,26.0573,
-11.1571,-5.48815,35.8869,26.0742,
-10.1572,-4.04857,35.1425,26.0911,
-9.04823,-2.84422,34.0776,26.109,
-7.86841,-1.91093,32.741,26.1283,
-6.66319,-1.26615,31.1784,26.1495,
-5.50859,-0.913209,29.4636,26.1725,
-4.49066,-0.818683,27.6917,26.1971,
-3.63376,-0.926217,25.8627,26.2241,
-3.12033,-1.11142,24.4718,26.2459,
-2.71083,-1.38582,22.9976,26.2706,
-2.4568,-1.70893,21.6262,26.2953,
-2.33405,-2.07552,20.355,26.32,
-2.32385,-2.49147,19.1837,26.3447,
-2.4138,-2.97025,18.1147,26.3694,
-2.5978,-3.53081,17.1539,26.3941,
-2.90902,-4.27007,16.235,26.4213,
-3.40849,-5.30538,15.4013,26.4521,
-4.30299,-7.00953,14.7548,26.4912,
-5.29716,-8.80018,14.71,26.5233,
-6.48263,-10.8245,15.2497,26.5536,
-7.98135,-13.1859,16.6426,26.5849,
-9.7215,-15.5503,19.1503,26.6163,
-10.9998,-16.9114,21.6272,26.6379,
-12.2259,-17.751,24.6165,26.6592,
-13.3067,-17.8322,27.9842,26.6805,
-13.9882,-17.1874,30.8087,26.698,
-14.4116,-15.7939,33.5351,26.7162,
-14.4747,-13.7555,35.7591,26.7344,
-14.228,-11.7118,37.0694,26.7496,
-13.7156,-9.53058,37.8119,26.7648,
-12.9681,-7.38054,37.9912,26.7801,
-12.0338,-5.40428,37.6705,26.7953,
-10.9712,-3.69893,36.9506,26.8105,
-9.77815,-2.24502,35.8838,26.8265,
-8.49141,-1.08341,34.5305,26.8437,
-7.14548,-0.22888,32.9386,26.8624,
-5.8013,0.312499,31.1712,26.883,
-4.56955,0.561587,29.3538,26.9049,
-3.46264,0.590073,27.4689,26.929,
-2.56529,0.468603,25.6291,26.9544,
-2.04412,0.327481,24.3231,26.9738,
-1.61445,0.158748,22.9998,26.9946,
-1.29766,-0.0118308,21.7548,27.0154,
-1.09761,-0.155493,20.7343,27.0335,
-0.95389,-0.294194,19.764,27.0515,
-0.852628,-0.435871,18.7958,27.0705,
-0.79167,-0.581661,17.8438,27.0902,
-0.767553,-0.737594,16.9032,27.1107,
-0.77879,-0.910481,15.9795,27.1321,
-0.825522,-1.11078,15.0732,27.1544,
-0.912842,-1.35858,14.1672,27.1783,
-1.05424,-1.68724,13.2458,27.2046,
-1.27119,-2.14291,12.3226,27.2336,
-1.60401,-2.80874,11.4159,27.2659,
-2.06023,-3.70287,10.6581,27.2981,
-2.58373,-4.71999,10.1569,27.326,
-3.26328,-6.03133,9.85066,27.3539,
-4.14142,-7.70761,9.82684,27.3817,
-5.38943,-10.0381,10.2961,27.4122,
-6.65291,-12.3088,11.2425,27.4368,
-8.27144,-15.0339,13.0588,27.4628,
-10.161,-17.845,16.0089,27.4889,
-11.885,-19.9008,19.5344,27.5107,
-13.4676,-21.1253,23.617,27.5307,
-14.6763,-21.3437,27.5011,27.5475,
-15.6876,-20.5528,31.6796,27.5648,
-16.2668,-18.9222,35.1476,27.58,
-16.4738,-16.4841,38.0941,27.5953,
-16.3075,-13.8206,40.0458,27.6087,
-15.8077,-10.9008,41.2647,27.6222,
-14.9993,-7.95842,41.7322,27.6357,
-13.9322,-5.20302,41.5181,27.6491,
-12.6731,-2.78694,40.7537,27.6626,
-11.2949,-0.792081,39.5966,27.676,
-9.86738,0.764374,38.1991,27.6895,
-8.34151,1.98704,36.5677,27.704,
-6.59665,2.93714,34.5815,27.7215,
-4.72458,3.51998,32.3221,27.7425,
-3.13795,3.71829,30.2707,27.7636,
-1.83678,3.7133,28.4336,27.7846,
-0.733876,3.62196,26.6878,27.8069,
0.0552665,3.53814,25.2641,27.8272,
0.60563,3.49752,24.1434,27.8445,
1.06547,3.50161,23.1029,27.8618,
1.4717,3.56278,22.0977,27.8798,
1.82639,3.68791,21.1659,27.8979,
2.16958,3.89626,20.2504,27.9171,
2.50887,4.19855,19.3849,27.9371,
2.86542,4.61277,18.577,27.9579,
3.26234,5.1623,17.843,27.9797,
3.72694,5.87842,17.2111,28.0028,
4.29316,6.8027,16.7275,28.0271,
5.00606,7.99048,16.47,28.0532,
5.93291,9.51879,16.5776,28.0814,
7.20458,11.5188,17.3475,28.1136,
8.69942,13.6364,19.0156,28.1458,
10.0228,15.1975,21.1468,28.1718,
11.2604,16.2488,23.7613,28.196,
12.2426,16.6207,26.4049,28.2168,
13.0474,16.3236,29.2172,28.2376,
13.5724,15.2725,31.9196,28.2584,
13.731,13.5181,34.1953,28.2792,
13.5699,11.7917,35.4935,28.2954,
13.1347,9.80603,36.3194,28.3123,
12.4549,7.81168,36.5835,28.3293,
11.58,5.96175,36.3369,28.3462,
10.5722,4.36389,35.6758,28.3632,
9.49665,3.07231,34.7142,28.3801,
8.31418,2.01894,33.4477,28.3986,
7.08588,1.25385,31.9388,28.4188,
5.87481,0.785736,30.2475,28.4409,
4.77452,0.595384,28.475,28.4646,
3.83236,0.624755,26.6627,28.4902,
3.15325,0.788955,25.0367,28.5146,
2.66646,1.02951,23.5179,28.5391,
2.34308,1.31681,22.102,28.5636,
2.15627,1.63972,20.7848,28.588,
2.0841,1.99961,19.5635,28.6125,
2.1107,2.40621,18.4373,28.6369,
2.22645,2.87511,17.4084,28.6614,
2.43623,3.44719,16.4523,28.6867,
2.7769,4.21271,15.5395,28.7146,
3.33905,5.34621,14.6953,28.7474,
4.3564,7.26188,14.1019,28.7891,
5.36827,9.07852,14.163,28.8198,
6.59311,11.1707,14.8114,28.8494,
8.07711,13.5142,16.2682,28.879,
9.78912,15.8583,18.7827,28.9086,
11.1594,17.3298,21.4711,28.9309,
12.4178,18.1873,24.5853,28.9518,
13.5276,18.2553,28.0889,28.9727,
14.2251,17.5748,31.0122,28.9898,
14.6607,16.1176,33.8381,29.0077,
14.728,13.9925,36.1436,29.0255,
14.4795,11.8751,37.4974,29.0404,
13.9611,9.61593,38.27,29.0552,
13.2028,7.3874,38.466,29.0701,
12.2528,5.33575,38.1499,29.0849,
11.1695,3.56118,37.4247,29.0998,
9.95317,2.0471,36.3481,29.1154,
8.63939,0.832457,34.9835,29.132,
7.26091,-0.0691988,33.3808,29.1502,
5.87446,-0.652739,31.6016,29.1701,
4.57573,-0.938623,29.748,29.1917,
3.40701,-0.993294,27.8446,29.2153,
2.45962,-0.896265,26.017,29.2398,
1.83434,-0.757836,24.5569,29.2609,
1.35606,-0.606397,23.1908,29.282,
0.997158,-0.461482,21.9089,29.3031,
0.732642,-0.332381,20.703,29.3242,
0.557917,-0.232442,19.6795,29.3432,
0.429275,-0.147222,18.7081,29.3621,
0.336364,-0.0749741,17.7855,29.3811,
0.270982,-0.0133263,16.9088,29.4,
0.226776,0.0402999,16.0757,29.419,
0.197752,0.0911216,15.2395,29.439,
0.182506,0.140759,14.4133,29.4599,
0.179552,0.192715,13.59,29.482,
0.188533,0.251071,12.7687,29.5054,
0.210315,0.321652,11.9458,29.5304,
0.24747,0.412859,11.1203,29.5573,
0.30521,0.537811,10.2918,29.5865,
0.392775,0.717242,9.46489,29.6182,
0.524487,0.981932,8.65705,29.6522,
0.677913,1.28918,8.03358,29.6811,
0.883013,1.70065,7.4698,29.71,
1.15762,2.25338,6.97143,29.7389,
1.526,2.99709,6.55178,29.7678,
2.02086,3.99782,6.23757,29.7967,
2.6858,5.34095,6.07943,29.8257,
3.57749,7.13109,6.17004,29.8546,
4.76622,9.48157,6.67408,29.8835,
5.93894,11.7402,7.51941,29.9058,
7.49281,14.6031,9.11629,29.9299,
9.05536,17.2798,11.2518,29.9503,
10.83,19.9822,14.3382,29.9707,
12.8362,22.421,18.761,29.9919,
14.5771,23.725,23.5809,30.0104,
15.901,23.8611,28.1157,30.0257,
16.9759,22.8722,32.7988,30.0411,
17.6677,20.6569,37.1892,30.0564,
17.8679,17.8739,40.3442,30.0696,
17.6607,14.488,42.6781,30.0827,
17.1331,11.2348,43.9386,30.0943,
16.3046,7.97062,44.4354,30.1059,
15.2185,4.89798,44.2393,30.1174,
13.933,2.16768,43.4776,30.129,
12.5129,-0.133353,42.3043,30.1406,
11.0217,-1.97881,40.8718,30.1522,
9.42873,-3.4596,39.2176,30.1645,
7.38549,-4.77704,37.0001,30.1807,
4.8066,-5.70621,34.1265,30.2034,
3.04198,-5.96528,32.1184,30.2215,
1.49484,-5.99156,30.3037,30.2403,
0.178871,-5.90257,28.6807,30.2597,
-1.04706,-5.77494,27.0488,30.2825,
-1.83422,-5.71186,25.9056,30.3009,
-2.51147,-5.71395,24.8448,30.3201,
-3.07807,-5.80009,23.9055,30.3393,
-3.56876,-5.97674,23.078,30.3586,
-4.0383,-6.26463,22.3198,30.3789,
-4.50201,-6.6731,21.6629,30.4001,
-4.98899,-7.21732,21.1275,30.4223,
-5.52894,-7.91379,20.7507,30.4458,
-6.15417,-8.77857,20.5915,30.4708,
-6.89967,-9.81985,20.7426,30.4977,
-7.79752,-11.0147,21.3427,30.5269,
-8.84341,-12.2412,22.5541,30.5584,
-9.78793,-13.1055,24.1252,30.5863,
-10.665,-13.5633,26.0826,30.6143,
-11.25,-13.5171,27.813,30.6367,
-11.6798,-13.0049,29.6129,30.6603,
-11.8596,-12.03,31.194,30.684,
-11.7541,-10.6917,32.3725,30.7076,
-11.4418,-9.39939,32.9639,30.7276,
-10.948,-8.08324,33.1589,30.7476,
-10.3114,-6.84926,32.9815,30.7676,
-9.58063,-5.77594,32.4891,30.7876,
-8.75093,-4.85391,31.6958,30.809,
-7.87577,-4.14572,30.6478,30.8319,
-7.00036,-3.67598,29.3839,30.8566,
-6.18437,-3.45935,27.9553,30.8835,
-5.4887,-3.49555,26.4127,30.9129,
-4.95285,-3.80258,24.7276,30.9471,
-4.72797,-4.19954,23.5155,30.974,
-4.67335,-4.87018,22.1644,31.008,
-4.856,-5.7262,21.0589,31.0421,
-5.2625,-6.77904,20.2578,31.0761,
-5.88682,-8.03824,19.8416,31.1101,
-6.7732,-9.567,19.9371,31.1459,
-7.99268,-11.3754,20.8444,31.1852,
-8.95702,-12.5738,22.065,31.2126,
-9.97398,-13.5546,23.8299,31.2406,
-10.8176,-14.039,25.746,31.2652,
-11.5282,-14.0212,27.862,31.2898,
-12.0137,-13.4129,29.9579,31.3144,
-12.1942,-12.2309,31.7699,31.339,
-12.0872,-10.9637,32.8521,31.3587,
-11.7397,-9.48048,33.5359,31.3791,
-11.1778,-7.97204,33.7471,31.3995,
-10.4496,-6.57121,33.52,31.4199,
-9.61541,-5.37259,32.9313,31.4403,
-8.73745,-4.42457,32.076,31.4607,
-7.79726,-3.68598,30.9498,31.483,
-6.85719,-3.19815,29.6072,31.5071,
-5.98022,-2.9712,28.1034,31.5333,
-5.22911,-2.99656,26.493,31.5619,
-4.63345,-3.28253,24.7271,31.5953,
-4.35538,-3.67274,23.3911,31.6228,
-4.25181,-4.27641,21.9964,31.6548,
-4.36486,-5.03815,20.8073,31.6869,
-4.68043,-5.97336,19.8646,31.7189,
-5.19363,-7.10334,19.2264,31.751,
-5.95078,-8.51957,18.9741,31.7848,
-7.04752,-10.3253,19.3544,31.8223,
-8.38856,-12.2311,20.6274,31.8597,
-9.40519,-13.4249,22.1059,31.8854,
-10.4691,-14.3511,24.1598,31.9122,
-11.3107,-14.7156,26.2599,31.9351,
-11.9993,-14.5418,28.5111,31.958,
-12.4472,-13.7615,30.6854,31.9809,
-12.5817,-12.4136,32.5244,32.0038,
-12.4318,-10.9995,33.6193,32.0225,
-12.0516,-9.43823,34.2694,32.0411,
-11.4675,-7.8683,34.4595,32.0598,
-10.7237,-6.4117,34.2273,32.0785,
-9.87514,-5.15509,33.6467,32.0972,
-8.92751,-4.0943,32.754,32.1169,
-7.92073,-3.2701,31.5924,32.1381,
-6.90026,-2.70527,30.2033,32.161,
-5.93174,-2.41032,28.6455,32.1861,
-5.08483,-2.37104,26.9855,32.2132,
-4.38812,-2.57099,25.1977,32.2441,
-4.00532,-2.8833,23.7871,32.2702,
-3.77626,-3.37181,22.2915,32.3005,
-3.7521,-3.9863,20.9613,32.3308,
-3.91332,-4.73755,19.8182,32.3611,
-4.25028,-5.64947,18.8945,32.3915,
-4.76297,-6.75066,18.239,32.4218,
-5.56014,-8.24635,17.9126,32.4559,
-6.74998,-10.2466,18.2471,32.4944,
-7.95912,-12.0578,19.2674,32.5261,
-9.40449,-13.8849,21.2435,32.5596,
-10.4579,-14.8966,23.2184,32.5831,
-11.4215,-15.4536,25.5143,32.6056,
-12.2446,-15.4289,28.0472,32.6282,
-12.8247,-14.71,30.5701,32.6508,
-13.0689,-13.3039,32.7791,32.6733,
-12.9857,-11.8104,34.1092,32.6911,
-12.6341,-10.0378,35.0012,32.7097,
-12.0352,-8.21507,35.3512,32.7282,
-11.2366,-6.49937,35.1935,32.7467,
-10.301,-5.00663,34.6136,32.7653,
-9.29542,-3.79945,33.7207,32.7838,
-8.21722,-2.84253,32.5464,32.8036,
-7.10386,-2.15443,31.1296,32.825,
-6.01854,-1.74775,29.5276,32.8485,
-5.04172,-1.60864,27.8223,32.8739,
-4.21531,-1.69815,26.0349,32.9017,
-3.62395,-1.95729,24.33,32.9301,
-3.25822,-2.3296,22.7557,32.9585,
-3.08678,-2.79215,21.317,32.9868,
-3.07663,-3.28307,20.149,33.0123,
-3.18851,-3.85825,19.1025,33.0377,
-3.42888,-4.56924,18.1528,33.0642,
-3.82876,-5.48986,17.3211,33.0928,
-4.46246,-6.7577,16.6787,33.125,
-5.51135,-8.6636,16.4548,33.1636,
-6.62814,-10.538,16.8918,33.1952,
-8.06427,-12.7251,18.1899,33.2286,
-9.47321,-14.5641,20.1703,33.2574,
-10.7285,-15.8384,22.5465,33.2818,
-11.8069,-16.5084,25.1511,33.3036,
-12.7416,-16.5211,28.0484,33.3254,
-13.3483,-15.8781,30.6,33.3445,
-13.6818,-14.6087,32.9266,33.3635,
-13.6878,-12.8057,34.7928,33.3825,
-13.4111,-10.9539,35.9006,33.399,
-12.8846,-8.99977,36.4761,33.4156,
-12.1432,-7.09936,36.5322,33.4321,
-11.2382,-5.37959,36.1349,33.4486,
-10.229,-3.92202,35.3819,33.4651,
-9.10063,-2.69103,34.3017,33.4827,
-7.89906,-1.73544,32.9493,33.5018,
-6.66871,-1.07184,31.3705,33.5226,
-5.48598,-0.703329,29.6402,33.5454,
-4.44099,-0.595382,27.8595,33.5696,
-3.55581,-0.687371,26.0272,33.596,
-3.02262,-0.855628,24.6458,33.6173,
-2.58829,-1.10429,23.1859,33.6412,
-2.30405,-1.39418,21.8235,33.6651,
-2.1457,-1.7179,20.5547,33.689,
-2.09386,-2.07858,19.3774,33.7129,
-2.13477,-2.48646,18.2915,33.7368,
-2.26034,-2.95685,17.2994,33.7608,
-2.4864,-3.55329,16.3459,33.7864,
-2.85047,-4.35663,15.442,33.8148,
-3.46054,-5.57311,14.6136,33.8487,
-4.38926,-7.31443,14.1279,33.8858,
-5.65234,-9.56677,14.2918,33.9229,
-6.80142,-11.505,15.0004,33.9496,
-8.3399,-13.8926,16.6217,33.9795,
-10.0983,-16.2156,19.359,34.0094,
-11.4042,-17.5262,22.0495,34.0306,
-12.5993,-18.2356,25.1286,34.0508,
-13.5656,-18.2117,28.2645,34.0694,
-14.2953,-17.3928,31.4261,34.0881,
-14.6894,-15.7559,34.2927,34.1067,
-14.7032,-13.7893,36.2766,34.1227,
-14.3954,-11.4806,37.6514,34.1387,
-13.7788,-9.04281,38.348,34.1548,
-12.8963,-6.68687,38.3893,34.1708,
-11.813,-4.58034,37.8726,34.1868,
-10.6041,-2.82474,36.9357,34.2028,
-9.34344,-1.45488,35.7218,34.2189,
-7.99599,-0.387211,34.2407,34.2362,
-6.60576,0.363985,32.5462,34.2552,
-5.25325,0.800594,30.7238,34.2759,
-3.96651,0.970726,28.7701,34.2993,
-2.93682,0.939707,26.9536,34.3228,
-2.18447,0.819419,25.3738,34.3447,
-1.5889,0.659213,23.8467,34.3675,
-1.20672,0.520701,22.6342,34.3868,
-0.915247,0.391438,21.489,34.4061,
-0.696425,0.27629,20.4053,34.4254,
-0.534869,0.176411,19.3784,34.4447,
-0.41791,0.0907687,18.4045,34.4641,
-0.335403,0.017164,17.4803,34.4834,
-0.279427,-0.0471277,16.6029,34.5027,
-0.243947,-0.104983,15.7699,34.522,
-0.223759,-0.162443,14.9327,34.5425,
-0.217849,-0.222088,14.1002,34.564,
-0.225608,-0.288206,13.271,34.5868,
-0.247685,-0.366795,12.4422,34.611,
-0.286685,-0.466935,11.6083,34.6371,
-0.347737,-0.601848,10.7708,34.6653,
-0.440278,-0.792985,9.93215,34.696,
-0.579663,-1.07337,9.10522,34.7293,
-0.748585,-1.41091,8.44118,34.7587,
-0.975197,-1.86401,7.8438,34.7881,
-1.27955,-2.47421,7.32068,34.8176,
-1.68898,-3.29727,6.88887,34.847,
-2.17713,-4.27961,6.60602,34.8735,
-2.81509,-5.56116,6.46882,34.8999,
-3.64711,-7.22199,6.55442,34.9264,
-4.80076,-9.49049,7.03403,34.9545,
-6.02096,-11.8255,7.91247,34.9778,
-7.58892,-14.6889,9.54087,35.0021,
-9.16593,-17.3567,11.7256,35.0227,
-10.9505,-20.0218,14.8784,35.0433,
-12.9698,-22.3853,19.4143,35.065,
-14.591,-23.5103,23.9754,35.0825,
-15.8733,-23.5676,28.4221,35.0979,
-16.9038,-22.526,32.9841,35.1132,
-17.5538,-20.3017,37.2336,35.1285,
-17.7255,-17.5293,40.2895,35.1417,
-17.4945,-14.1829,42.5292,35.1549,
-16.9489,-10.9704,43.7233,35.1666,
-16.107,-7.76153,44.165,35.1783,
-15.0135,-4.75354,43.9285,35.19,
-13.727,-2.09136,43.1426,35.2017,
-12.3121,0.143558,41.9598,35.2134,
-10.832,1.92905,40.5295,35.2251,
-9.23904,3.36884,38.8684,35.2376,
-7.1983,4.63907,36.643,35.2542,
-4.95342,5.44316,34.126,35.2744,
-3.02384,5.73523,31.907,35.2945,
-1.42172,5.75377,29.9916,35.3146,
-0.120987,5.65962,28.3401,35.3348,
0.948786,5.55008,26.8677,35.3555,
1.80209,5.4894,25.5797,35.3762,
2.49212,5.51107,24.4453,35.3969,
3.06658,5.63145,23.4453,35.4176,
3.56629,5.85736,22.5704,35.4383,
4.02518,6.19061,21.8191,35.459,
4.48654,6.64769,21.1765,35.4804,
4.98326,7.2484,20.661,35.5029,
5.54595,8.01188,20.3159,35.5268,
6.20921,8.95737,20.2099,35.5522,
7.01183,10.095,20.4521,35.5798,
7.98968,11.3954,21.2094,35.6098,
9.12545,12.6943,22.664,35.6422,
10.0377,13.4798,24.298,35.668,
10.918,13.8691,26.3805,35.6953,
11.4924,13.7407,28.1876,35.7172,
11.8981,13.1246,30.0363,35.7403,
12.0422,12.0415,31.6284,35.7633,
11.8931,10.6051,32.7836,35.7864,
11.5433,9.25161,33.3345,35.8058,
11.0141,7.89173,33.4827,35.8252,
10.3457,6.62947,33.2591,35.8447,
9.55847,5.50337,32.7012,35.8648,
8.69105,4.56936,31.8511,35.8859,
7.77883,3.85775,30.7461,35.9085,
6.8693,3.39226,29.4269,35.933,
6.02506,3.1845,27.9482,35.9596,
5.30708,3.22893,26.361,35.9888,
4.74765,3.54284,24.6139,36.023,
4.50382,3.96102,23.3059,36.051,
4.44344,4.60649,21.9545,36.0837,
4.60482,5.42132,20.8268,36.1165,
4.97531,6.42038,19.9719,36.1492,
5.55055,7.62016,19.4582,36.182,
6.39133,9.12368,19.3934,36.217,
7.56992,10.9629,20.0677,36.2553,
8.67052,12.432,21.2946,36.2859,
9.7279,13.5694,22.9793,36.3135,
10.6727,14.2591,24.9621,36.3388,
11.5033,14.4285,27.2393,36.364,
12.0369,14.0625,29.2252,36.3853,
12.3484,13.2048,31.0714,36.4067,
12.3866,11.8593,32.6356,36.4288,
12.1676,10.4288,33.5755,36.448,
11.7253,8.89497,34.064,36.4673,
11.0931,7.39377,34.1032,36.4865,
10.3205,6.03711,33.7443,36.5058,
9.46452,4.89783,33.0681,36.525,
8.51914,3.95394,32.0944,36.5456,
7.53342,3.25102,30.8694,36.5678,
6.5595,2.80878,29.438,36.5919,
5.66653,2.63088,27.8638,36.6182,
4.91226,2.70002,26.1929,36.6469,
4.32621,3.02155,24.3741,36.6804,
4.0548,3.44676,22.9563,36.709,
3.97267,4.02432,21.6149,36.7391,
4.08041,4.73702,20.4541,36.7692,
4.36591,5.6021,19.5045,36.7994,
4.82573,6.64298,18.8111,36.8295,
5.53737,8.0148,18.422,36.8627,
6.59337,9.82097,18.5965,36.8997,
7.91744,11.8186,19.6216,36.9367,
9.07392,13.3052,21.1132,36.965,
10.2015,14.4452,23.1022,36.9914,
11.1621,15.0535,25.2968,37.0149,
11.991,15.0996,27.7496,37.0383,
12.531,14.5712,29.9441,37.059,
12.8172,13.4964,31.9388,37.0798,
12.8017,11.9605,33.524,37.1005,
12.5282,10.3705,34.4514,37.1187,
12.0273,8.69898,34.9004,37.1368,
11.3352,7.08504,34.8846,37.155,
10.5032,5.63938,34.4652,37.1731,
9.58902,4.43098,33.73,37.1913,
8.56871,3.41829,32.6838,37.211,
7.50156,2.66122,31.3822,37.2322,
6.4405,2.17714,29.8724,37.2555,
5.46065,1.96545,28.2264,37.2807,
4.62294,1.99704,26.4987,37.3081,
3.95638,2.2486,24.67,37.339,
3.59972,2.58676,23.2261,37.3653,
3.40956,3.03998,21.8293,37.3931,
3.38756,3.58895,20.5701,37.4209,
3.51738,4.24534,19.4615,37.4487,
3.79083,5.03068,18.5238,37.4765,
4.23516,6.02915,17.7545,37.5058,
4.93336,7.39355,17.2302,37.5387,
6.03903,9.34546,17.2271,37.5771,
7.18771,11.1948,17.8906,37.6085,
8.62598,13.2469,19.4542,37.6417,
9.86367,14.7093,21.4088,37.6677,
11.0588,15.73,23.8886,37.6926,
11.9973,16.0949,26.3768,37.7138,
12.7659,15.8307,29.0257,37.7351,
13.2672,14.8589,31.5735,37.7563,
13.4194,13.2264,33.7236,37.7775,
13.2616,11.5814,34.9744,37.7944,
12.837,9.69779,35.7593,37.8119,
12.175,7.8059,36.0018,37.8294,
11.3252,6.05338,35.7507,37.8469,
10.3494,4.54371,35.0988,37.8644,
9.31171,3.3286,34.1556,37.882,
8.17177,2.3412,32.9099,37.9012,
6.99566,1.63502,31.4255,37.9221,
5.84859,1.21857,29.7633,37.945,
4.81751,1.07166,28.0156,37.9696,
3.93895,1.14447,26.1989,37.9965,
3.33155,1.3526,24.5843,38.0221,
2.90748,1.65614,23.0303,38.0485,
2.66039,2.02392,21.5932,38.0749,
2.56316,2.45082,20.2724,38.1013,
2.5956,2.9458,19.07,38.1278,
2.74549,3.52731,17.9924,38.1542,
3.00858,4.2205,17.0519,38.1806,
3.43173,5.14572,16.2025,38.2096,
4.12655,6.509,15.5105,38.2437,
5.06686,8.23025,15.2649,38.2777,
6.17716,10.1479,15.5921,38.3089,
7.63156,12.4731,16.7483,38.3418,
9.13115,14.5888,18.6768,38.3708,
10.5687,16.2361,21.2245,38.3965,
11.8458,17.2216,24.1578,38.4194,
12.833,17.4632,27.0281,38.439,
13.6234,16.9849,30.0207,38.4586,
14.1162,15.7207,32.8427,38.4781,
14.2294,13.7459,35.1749,38.4977,
14.0251,11.8451,36.4865,38.513,
13.5405,9.69773,37.2928,38.529,
12.8089,7.56382,37.5172,38.545,
11.8809,5.59717,37.2208,38.561,
10.819,3.90348,36.5074,38.577,
9.68801,2.5339,35.4958,38.5931,
8.43452,1.40556,34.1712,38.6107,
7.12656,0.578834,32.6066,38.6299,
5.82498,0.0600014,30.8627,38.6509,
4.63432,-0.171317,29.0562,38.6734,
3.61676,-0.184804,27.2606,38.6971,
2.86293,-0.0722614,25.6676,38.7196,
2.29055,0.103333,24.1772,38.742,
1.92959,0.274208,22.9987,38.7609,
1.66098,0.454521,21.8826,38.7797,
1.46389,0.646821,20.7848,38.7993,
1.33648,0.843568,19.7463,38.8189,
1.26512,1.05861,18.7132,38.8396,
1.24875,1.29685,17.7024,38.861,
1.28377,1.55843,16.7546,38.8825,
1.37398,1.87819,15.8035,38.9056,
1.52998,2.28275,14.8623,38.9305,
1.78003,2.83557,13.915,38.9583,
2.17106,3.63059,12.9927,38.9895,
2.69595,4.6549,12.2634,39.0204,
3.39521,5.98979,11.7731,39.0513,
4.31611,7.71459,11.6239,39.0822,
5.56185,9.98298,12.0117,39.1142,
6.82443,12.1817,12.9263,39.14,
8.42966,14.7754,14.7364,39.1674,
10.2793,17.3648,17.6864,39.1948,
11.8056,19.0266,20.8741,39.216,
13.1889,19.9514,24.4904,39.2356,
14.4105,19.9587,28.5405,39.2553,
15.1686,19.1297,31.8547,39.2711,
15.6503,17.4133,35.072,39.2877,
15.7338,14.9383,37.696,39.3043,
15.479,12.5242,39.2195,39.3178,
14.9381,9.9516,40.1073,39.3314,
14.1394,7.40815,40.3645,39.345,
13.1303,5.05464,40.0609,39.3585,
11.9694,3.00337,39.3086,39.3721,
10.6701,1.25472,38.1899,39.3862,
9.26402,-0.16303,36.7812,39.401,
7.78261,-1.24093,35.1475,39.417,
6.23177,-1.99617,33.3054,39.435,
4.40854,-2.47445,30.9542,39.4591,
2.91857,-2.58278,28.8129,39.4831,
1.74658,-2.51632,26.8829,39.5072,
0.897296,-2.4061,25.2437,39.5298,
0.310081,-2.32004,23.9131,39.5497,
-0.158758,-2.26917,22.6753,39.5696,
-0.487926,-2.26365,21.6821,39.5866,
-0.76792,-2.29822,20.7446,39.6036,
-1.02667,-2.38181,19.8084,39.6216,
-1.26972,-2.52266,18.8949,39.6403,
-1.51007,-2.7312,18.0059,39.6598,
-1.76193,-3.02103,17.1458,39.6802,
-2.04158,-3.41061,16.3228,39.7016,
-2.36839,-3.92517,15.5509,39.7241,
-2.76616,-4.59881,14.8533,39.7476,
-3.26503,-5.47709,14.2677,39.7724,
-3.90495,-6.62095,13.8549,39.7984,
-4.74481,-8.11723,13.7184,39.8261,
-5.89557,-10.1192,14.0656,39.8565,
-7.31862,-12.4659,15.1502,39.8869,
-8.82259,-14.7191,16.9731,39.9141,
-10.4939,-16.8225,19.797,39.9412,
-11.8767,-18.0817,22.8468,39.9631,
-13.0053,-18.5843,25.9639,39.9821,
-13.9097,-18.3617,29.1145,40,
